index,국내유통/해외직구,일회용/다회용,제조사/수입사,상품명,에틸벤젠,운데칸,스티렌,노나날,클로로포름,데카날,트리클로로에틸렌,헥사클로로부타디엔,디클로로메탄,"1,2-디클로로에탄",벤젠,브로모디클로로메탄,톨루엔,"1,4-디클로로벤젠","(p-, m-, o-)자일렌",나프탈렌,헥산,(1S)-(-)-알파-피넨,테트라클로로에틸렌,(-)-베타-피넨,2-프로판올,2-에틸톨루엔,2-부타논,3-에틸톨루엔,에틸아세테이트,4-에틸톨루엔,이소옥탄,"1,2,3-트리메틸벤젠",4-메틸-2-펜타논,"1,2,4-트리메틸벤젠",옥탄,"1,3,5-트리메틸벤젠","1,1,2-트리클로로에탄","1,2-디클로로프로판","1,3-디클로로프로판",사염화탄소,부틸아세테이트,"2,4-디메틸펜탄",클로로벤젠,"1,2,4,5-테트라메틸벤젠",노난,도데칸,쿠멘,트리데칸,프로필벤젠,테트라데칸,데칸,n-펜타데칸,sec-부틸벤젠,n-헥사데칸,(R)-(+)-리모넨,에탄올,p-시멘,아세톤,"1,2,3-트리클로로벤젠",1-프로판올,n-부틸벤젠,헵탄,"1,2-디클로로벤젠",1-부탄올,
0,국내유통,일회용,(주)보람씨앤에치,다를별따뜻할난여자슈퍼울트라슬림오버나이트,-,0.591,0.542,3.644,-,1.329,-,-,-,-,-,-,-,-,-,-,-,-,-,-,0.492,-,-,-,-,-,-,-,-,-,-,-,-,-,-,-,-,-,-,-,0.345,2.018,-,1.428,-,8.074,-,5.318,-,11.717,0.739,3.73,-,-,-,-,-,-,-,-,
1,국내유통,일회용,(주)보람씨앤에치,네오시스수애향슬림오버나이트날개형,0.469,0.933,0.513,3.267,-,2.763,-,-,-,-,-,-,2.897,-,1.495,-,-,-,-,-,0.281,-,-,-,-,-,-,-,-,-,0.888,-,-,-,-,-,-,-,-,-,0.281,2.901,-,2.812,-,9.543,-,4.861,-,14.373,0.661,2.45,-,-,-,-,-,-,-,-,
2,국내유통,일회용,(주)보람씨앤에치,다를별따뜻할난여자슈퍼울트라슬림중형,-,0.444,1.094,2.355,-,1.049,-,-,-,-,-,-,-,-,-,-,-,-,-,-,-,-,-,-,-,-,-,-,-,-,-,-,-,-,-,-,-,-,-,-,0.273,1.365,-,1.058,-,3.451,-,1.808,-,4.647,0.751,1.23,-,-,-,-,-,-,-,-,
3,국내유통,일회용,(주)보람씨앤에치,엘마중형,-,0.923,0.565,1.595,-,3.015,-,-,-,-,-,-,0.12,-,-,-,-,-,-,-,-,-,-,-,-,-,-,-,-,-,-,-,-,-,-,-,-,-,-,-,0.221,6.899,-,1.02,-,12.917,0.533,0.871,-,13.436,0.416,0.98,-,-,-,-,-,2.19,-,-,
4,국내유통,일회용,(주)에스에스케이,루나미소프트오버나이트,-,1.526,0.351,6.449,-,4.869,-,-,-,-,-,-,-,-,-,-,-,-,-,-,0.535,-,-,-,-,-,-,-,-,-,-,-,-,-,-,-,-,-,-,-,-,5.301,-,3.28,-,10.455,0.482,2.222,-,6.141,-,-,-,-,-,-,-,-,-,-,
5,국내유통,일회용,(주)에스에스케이,잇츠미퓨어앤핏슈퍼롱,-,1.762,1.2,13.372,-,3.842,-,-,-,-,-,-,-,-,-,-,-,-,-,-,0.401,-,-,-,-,-,-,-,-,-,-,-,-,-,-,-,-,-,-,-,0.4,5.524,-,2.483,-,12.811,-,4.325,-,10.251,-,2.42,-,-,-,-,-,-,-,-,
6,국내유통,일회용,(주)에스에스케이,잇츠미퓨어앤핏중형,-,1.003,0.792,2.978,-,3.302,-,-,-,-,-,-,-,-,-,-,-,-,-,-,0.179,-,-,-,-,-,-,-,-,-,-,-,-,-,-,-,-,-,-,-,0.215,3.13,-,2.761,-,7.433,0.215,4.95,-,6.019,0.537,0.72,-,-,-,-,-,-,-,-,
7,국내유통,일회용,(주)에스에스케이,본프라임대형,-,4.742,0.496,5.272,-,3.115,-,-,-,-,-,-,-,-,-,-,-,-,-,-,-,-,-,-,-,-,-,-,-,-,-,-,-,-,-,-,-,-,-,-,-,10.649,-,3.255,-,12.633,2.089,7.821,-,17.872,-,1.37,-,-,-,-,-,-,-,1.37,
8,국내유통,일회용,(주)에스에스케이,블루블루슈퍼롱오버나이트날개형,-,2.555,0.007,8.751,-,7.608,-,-,-,-,-,-,0.003,-,-,-,-,0.292,-,0.229,0.369,-,-,-,-,-,-,-,-,-,-,-,-,-,-,-,-,-,-,-,0.369,9.871,-,4.964,-,17.327,1.9,9.725,-,18.566,0.585,1.47,-,-,-,-,-,-,-,5.87,
9,국내유통,일회용,(주)에스에스케이,본골드슬림오버나이트,-,2.665,1.882,9.959,-,5.877,-,-,-,-,-,-,-,-,-,-,-,-,-,0.205,-,-,-,-,-,-,-,-,-,-,-,-,-,-,-,-,-,-,-,-,-,4.592,-,2.212,-,7.984,1.882,4.162,-,10.642,-,1.27,-,-,-,-,-,-,-,-,
10,국내유통,일회용,(주)웰크론헬스케어,더뷰티드생리대소중형,-,1.139,0.538,4.426,-,2.654,-,-,-,-,-,-,-,-,-,-,-,-,-,-,1.424,-,-,-,-,-,-,-,-,-,-,-,-,-,-,-,-,-,-,-,-,2.245,-,2.372,-,5.629,0.696,4.775,-,9.93,0.442,1.84,-,-,-,-,-,-,-,-,
11,국내유통,일회용,(주)웰크론헬스케어,예지미인데일리코튼중형,-,0.94,0.587,4.49,-,3.397,-,-,-,-,-,-,4.322,-,-,-,-,-,-,-,0.233,-,-,-,-,-,-,-,-,-,0.441,-,-,-,-,-,-,-,-,-,0.085,2.762,-,2.703,-,8.344,0.323,5.765,-,12.116,0.264,1.23,-,-,-,-,-,-,-,-,
12,국내유통,일회용,(주)웰크론헬스케어,그날엔순면오버나이트오닉,-,0.584,1.074,36.83,-,8.575,-,-,-,-,-,-,-,-,-,-,-,-,-,-,0.778,-,-,-,-,-,-,-,-,-,-,-,-,-,-,-,-,-,-,-,0.49,4.373,-,2.537,-,14.877,-,5.937,-,30.938,-,-,-,-,-,-,-,-,-,-,
13,국내유통,일회용,(주)제이투엘오에이치,순면본생리대(소형),-,0.549,0.592,6.895,-,4.851,-,-,-,-,-,-,-,-,-,-,-,-,-,-,0.154,-,-,-,-,-,0.176,-,-,-,0.131,-,-,-,-,-,-,-,-,-,0.329,2.042,-,2.284,-,9.507,0.088,3.558,-,16.361,0.132,0.85,-,-,-,-,-,20.64,-,1.06,
14,국내유통,일회용,(주)제이투엘오에이치,순면본생리대(오버나이트),-,0.99,1.031,4.288,-,6.886,-,-,-,-,-,-,-,-,-,-,-,-,-,-,1.112,-,-,-,-,-,0.33,-,-,-,-,-,-,-,-,-,-,-,-,-,0.33,4.616,-,6.848,-,18.393,0.289,6.678,-,27.131,0.536,4.14,-,-,-,-,-,35.43,-,2.26,
15,국내유통,일회용,(주)제이투엘오에이치,순면본생리대(슈퍼롱),-,1.215,-,7.942,-,9.158,-,-,-,-,-,-,-,-,-,-,-,-,-,-,1.683,-,-,-,-,-,-,-,-,-,-,-,-,-,-,-,-,-,-,-,-,7.852,-,7.291,-,35.237,-,10.656,-,58.883,-,15.72,-,-,-,-,-,159.39,-,3.71,
16,국내유통,일회용,(주)제이투엘오에이치,순면본생리대(대형),-,1.196,0.888,4.987,-,7.276,-,-,-,-,-,-,-,-,-,-,-,-,-,-,0.547,-,-,-,-,-,-,-,-,-,0.273,-,-,-,-,-,-,-,-,-,0.41,3.415,-,3.757,-,13.049,0.821,5.021,-,22.612,0.546,14.93,-,-,-,-,-,40.18,-,-,
17,국내유통,일회용,깨끗한나라(주),메이앤준스피드맥스슬림오버나이트날개형,-,0.72,-,6.305,-,3.896,-,-,-,-,-,-,-,-,-,-,-,-,-,-,-,-,-,-,-,-,-,-,-,-,-,-,-,-,-,-,-,-,-,-,-,12.456,-,1.439,-,35.221,-,2.222,-,44.128,0.651,-,-,-,-,-,-,-,-,-,
18,국내유통,일회용,깨끗한나라(주),순수한면맞춤슬림소형날개형,-,0.693,-,2.228,-,2.712,-,-,-,-,-,-,-,-,-,-,-,-,-,-,2.296,-,-,-,-,-,-,-,-,-,-,-,-,-,-,-,-,-,-,-,-,1.96,-,1.506,-,3.678,0.481,2.262,-,4.611,0.422,0.89,-,-,-,-,-,-,-,-,
19,국내유통,일회용,깨끗한나라(주),순수한면제로울트라슬림중형날개형,-,0.666,0.245,1.681,-,2.977,-,-,-,-,-,-,-,-,-,-,-,-,-,-,3.923,-,-,-,-,-,-,-,-,-,-,-,-,-,-,-,-,-,-,-,-,3.715,-,2.42,-,11.986,0.457,6.199,-,16.473,0.385,-,-,-,-,-,-,-,-,-,
20,국내유통,일회용,깨끗한나라(주),순수한면맞춤슬림대형날개형,-,0.651,0.737,3.47,-,3.599,-,-,-,-,-,-,0.998,-,-,-,-,-,-,-,1.784,-,-,-,-,-,-,-,-,-,-,-,-,-,-,-,-,-,-,-,0.174,2.515,-,1.996,-,6.288,0.086,4.641,-,8.329,0.391,2.16,-,-,-,-,-,-,-,-,
21,국내유통,일회용,깨끗한나라(주),순수한면울트라슈퍼가드소형날개형,-,0.717,0.277,2.645,-,2.327,-,-,-,-,-,-,0.221,-,-,-,-,-,-,-,1.166,-,-,-,-,-,-,-,-,-,-,-,-,-,-,-,-,-,-,-,0.193,2.631,-,2.539,-,4.261,0.611,4.78,-,5.588,0.359,0.85,-,12.43,-,-,-,-,-,2.26,
22,국내유통,일회용,바디와이즈아시아(주),바디와이즈나트라케어울트라패드(날개형-레귤러),0.122,0.462,5.407,4.284,-,2.771,-,-,-,-,-,-,0.219,-,-,-,-,0.317,-,-,3.954,-,0.122,-,-,-,-,-,-,-,-,-,-,-,-,-,-,-,-,-,-,1.361,-,2.626,-,8.119,0.195,7.295,-,7.221,0.536,5.69,-,0.98,-,1.49,-,-,-,-,
23,국내유통,일회용,엘지유니참(주),쏘피귀애랑슈퍼롱,-,5.152,5.834,4.539,-,8.612,-,-,-,-,-,-,2.102,-,0.542,-,0.949,0.679,-,-,3.19,-,0.271,-,-,-,-,-,-,-,-,0.407,-,-,-,-,-,-,-,-,1.357,14.576,-,6.44,-,30.576,3.457,9.558,-,22.983,2.915,32.63,-,2.84,-,-,-,-,-,-,
24,국내유통,일회용,엘지유니참(주),쏘피바디피트순간흡수소형,-,0.256,0.164,2.376,-,1.326,-,-,-,-,-,-,-,-,-,-,-,-,-,-,0.753,-,-,-,-,-,-,-,-,-,-,-,-,-,-,-,-,-,-,-,-,2.554,-,1.718,-,6.389,0.219,2.612,-,6.614,0.219,-,-,-,-,-,-,-,-,-,
25,국내유통,일회용,엘지유니참(주),쏘피바디피트순간흡수대형,-,0.706,3.642,6.483,-,3.317,-,-,-,-,-,-,-,-,-,-,-,-,-,-,-,-,-,-,-,-,-,-,-,-,0.318,-,-,-,-,-,-,-,-,-,0.496,4.447,-,3.778,-,14.436,0.386,6.885,-,17.791,1.164,1.39,-,-,-,-,-,-,-,-,
26,국내유통,일회용,엘지유니참(주),쏘피바디피트볼록맞춤 소형,-,0.416,0.159,1.744,-,1.782,-,-,-,-,-,-,0.277,-,-,-,1.01,0.04,-,-,0.932,-,0.159,-,-,-,-,-,-,-,-,-,-,-,-,-,-,-,-,-,0.039,2.396,-,1.94,-,8.218,0.516,4.197,-,10.138,0.179,0.37,-,-,-,-,-,-,-,0.75,
27,국내유통,일회용,엘지유니참(주),쏘피내몸에순한면대형,-,1.749,1.31,4.215,-,4.664,-,-,-,-,-,-,-,-,-,-,-,-,-,-,1.669,-,-,-,-,-,-,-,-,-,-,-,-,-,-,-,-,-,-,-,0.198,4.292,-,3.894,-,6.2,1.351,3.099,-,6.357,0.755,1.22,-,-,-,-,-,-,-,5.75,
28,국내유통,일회용,엘지유니참(주),쏘피바디피트102대형,-,2.707,3.298,4.575,-,3.703,-,-,-,-,-,-,0.436,-,-,-,0.249,-,-,-,1.243,-,-,-,-,-,-,-,-,-,0.156,-,-,-,-,-,-,-,-,-,0.684,11.823,-,3.92,-,28.125,1.835,6.347,-,21.497,1.214,0.86,-,0.57,-,-,-,-,-,-,
29,국내유통,일회용,유한킴벌리(주),라네이처시그니처맥시슬림중형날개형,-,0.482,4.198,4.335,-,3.339,-,-,-,-,-,-,1.411,-,-,-,-,-,-,-,1.961,-,0.791,-,0.585,-,-,-,-,-,-,-,-,-,-,-,-,-,-,-,-,2.925,-,1.583,-,4.818,2.305,5.438,-,6.057,-,3.52,-,2.82,-,1.75,-,-,-,1.41,
30,국내유통,일회용,유한킴벌리(주),코텍스화이트클린울트라대형날개형,-,0.425,0.473,2.241,-,1.513,-,-,-,-,-,-,-,-,-,-,-,-,-,-,1.29,-,-,-,-,-,-,-,-,-,-,-,-,-,-,-,-,-,-,-,-,8.445,-,2.146,-,49.325,0.942,4.411,-,68.141,-,-,-,-,-,-,-,-,-,-,
31,국내유통,일회용,유한킴벌리(주),라네이처시그니처울트라슬림소형날개형,-,0.238,0.906,2.917,-,3.754,-,-,-,-,-,-,2.352,-,-,-,-,-,-,-,1.64,-,0.593,-,0.331,-,-,-,-,-,-,-,-,-,-,-,-,-,-,-,-,2.467,-,1.19,-,3.751,1.05,3.73,-,4.751,0.785,1.17,-,1.64,-,0.95,-,-,-,-,
32,국내유통,일회용,유한킴벌리(주),라네이처시그니처맥시슬림대형날개형,-,0.284,3.576,5.117,-,3.463,-,-,-,-,-,-,1.463,-,-,0.325,-,0.12,-,-,0.768,-,0.406,-,0.204,-,-,-,-,-,-,-,-,-,-,-,0.609,-,-,-,-,6.661,-,1.258,-,11.661,2.551,5.241,-,7.678,-,0.77,-,-,-,-,-,-,-,-,
33,국내유통,일회용,유한킴벌리(주),후아내추럴순면커버생리대소형,-,0.743,1.002,1.909,-,1.952,-,-,-,-,-,-,-,-,-,-,-,-,-,-,0.121,-,-,-,-,-,-,-,-,-,-,-,-,-,-,-,-,-,-,-,0.221,5.218,-,3.037,-,7.348,0.541,4.502,-,9.343,0.622,-,-,-,-,-,-,-,-,-,
34,국내유통,일회용,중원주식회사,시크릿데이바이미피생리대중형,-,0.591,0.745,3.509,0.539,3.108,-,-,-,-,-,-,-,-,-,-,-,-,-,-,0.464,-,-,-,-,-,-,-,-,-,-,-,-,-,-,-,-,-,-,-,0.154,2.545,-,2.542,-,7.5,0.128,6.011,-,8.988,0.694,0.55,-,-,-,-,-,-,-,-,
35,국내유통,일회용,중원주식회사,시크릿데이울트라슬림대형에이,-,0.563,0.406,4.397,0.625,3.063,-,-,-,-,-,-,0.719,-,-,-,-,-,-,-,0.916,-,-,-,-,-,-,-,-,-,-,-,-,-,-,-,-,-,-,-,-,3.219,-,3.374,-,10.746,-,7.126,-,13.185,0.563,-,-,-,-,-,-,-,-,-,
36,국내유통,일회용,(주)내츄럴코리아,쉬즈순면으로편하다대형,-,0.44,-,3.759,-,2.263,-,-,-,-,-,-,-,-,-,-,-,-,-,-,1.395,-,-,-,-,-,0.22,-,-,-,-,-,-,-,-,-,-,-,-,-,-,4.86,-,9.653,-,115.466,-,2.632,-,25.599,-,-,-,1.07,-,-,-,44.62,-,1.43,
37,국내유통,일회용,(주)내츄럴코리아,쉬즈순면으로숨쉬다중형,-,0.264,-,3.904,-,2.163,-,-,-,-,-,-,-,-,-,-,-,-,-,-,1.213,-,-,-,-,-,0.158,-,-,-,-,-,-,-,-,-,-,-,-,-,-,2.849,-,1.583,-,25.004,-,1.055,-,36.081,-,-,-,1.18,-,-,-,30.29,-,-,
38,국내유통,일회용,(주)내츄럴코리아,쉬즈순면으로잠들다오버나이트,-,0.296,-,5.538,-,3.792,-,-,-,-,-,-,-,-,-,-,-,-,-,-,1.629,-,-,-,-,-,-,-,-,-,-,-,-,-,-,-,-,-,-,-,-,4.445,-,1.48,-,38.774,-,2.018,-,65.464,-,1.52,-,4.56,-,-,-,27.93,-,-,
39,국내유통,일회용,(주)내츄럴코리아,내츄럴코튼리올슈퍼롱오버나이트,-,0.167,1.689,4.815,-,3.716,-,-,-,-,-,-,-,-,-,-,-,-,-,-,4.644,-,-,-,-,-,-,-,-,-,-,-,-,-,-,-,-,-,-,-,-,3.547,-,1.013,-,14.022,-,3.207,-,17.315,1.182,2.45,-,4.07,-,-,-,-,-,-,
40,국내유통,일회용,(주)내츄럴코리아,내츄럴코튼리올울트라윙중형,-,0.642,-,2.277,-,2.13,-,-,-,-,-,-,-,-,-,-,-,-,-,-,0.73,-,-,-,-,-,-,-,-,-,-,-,-,-,-,-,-,-,-,-,-,2.043,-,1.255,-,13.542,0.204,3.327,-,20.751,-,0.57,-,-,-,-,-,-,-,-,
41,국내유통,일회용,(주)내츄럴코리아,내츄럴코튼리올울트라윙대형,-,1.039,0.468,3.218,-,2.432,-,-,-,-,-,-,-,-,-,-,-,-,-,-,0.858,-,-,-,-,-,-,-,-,-,-,-,-,-,-,-,-,-,-,-,0.287,2.906,-,1.614,-,16.788,0.577,3.845,-,21.17,0.359,-,-,-,-,-,-,-,-,-,
42,국내유통,일회용,(주)내츄럴코리아,내츄럴코튼라이블리슈퍼롱오버나이트,-,0.693,1.846,4.55,-,3.792,-,-,-,-,-,-,-,-,-,-,-,-,-,-,4.945,-,-,-,-,-,-,-,-,-,-,-,-,-,-,-,-,-,-,-,-,3.782,-,1.62,-,7.797,1.541,3.401,-,12.193,0.848,13.61,-,2.36,-,-,-,27.91,-,-,
43,국내유통,일회용,(주)내츄럴코리아,내츄럴코튼라이블리슬림대형,-,0.666,-,2.89,-,2.538,-,-,-,-,-,-,-,-,-,-,-,-,-,-,1.026,-,-,-,-,-,-,-,-,-,-,-,-,-,-,-,-,-,-,-,0.178,4.309,-,1.733,-,7.199,0.488,1.201,-,10.355,0.222,-,-,1.33,-,-,-,-,-,-,
44,국내유통,일회용,(주)내츄럴코리아,내츄럴코튼라이블리슬림중형,-,-,0.262,1.499,-,1.841,-,-,-,-,-,-,-,-,-,-,-,-,-,-,-,-,-,-,-,-,0.262,-,-,-,-,-,-,-,-,-,-,-,-,-,-,0.675,-,1.2,-,2.887,-,1.424,-,3.146,-,-,-,-,-,-,-,13.38,-,-,
45,국내유통,일회용,(주)내츄럴코리아,내츄럴코튼시그니처슈퍼롱오버나이트,-,-,0.414,7.047,-,5.551,-,-,-,-,-,-,-,-,-,-,-,-,-,-,6.894,-,-,-,-,-,-,-,-,-,-,-,-,-,-,-,-,-,-,-,-,2.321,-,0.911,-,8.04,-,5.967,-,25.116,0.497,3.28,-,4.92,-,-,-,31.29,-,-,
46,국내유통,일회용,(주)내츄럴코리아,내츄럴코튼시그니처울트라슬림대형,-,0.307,0.269,3.494,-,2.88,-,-,-,-,-,-,-,-,-,-,-,-,-,-,2.417,-,-,-,-,-,0.23,-,-,-,-,-,-,-,-,-,-,-,-,-,-,4.03,-,0.653,-,6.488,1.19,1.037,-,15.011,0.192,1.16,-,2.32,-,-,-,50.62,-,1.16,
47,국내유통,일회용,(주)내츄럴코리아,내츄럴코튼시그니처울트라슬림중형,-,0.229,-,5.094,-,3.484,-,-,-,-,-,-,-,-,-,-,-,-,-,-,0.887,-,-,-,-,-,0.172,-,-,-,-,-,-,-,-,-,-,-,-,-,-,0.658,-,1,-,4.2,-,4.115,-,22.125,-,1.13,-,1.42,-,-,-,25.5,-,-,
48,국내유통,일회용,(주)성원티엔지,언제나뉴대형,-,0.43,0.557,0.917,-,0.407,-,-,-,-,-,-,1.277,-,-,-,-,-,-,-,-,-,-,-,-,-,-,-,-,-,-,-,-,-,-,-,-,-,-,-,0.263,2.14,-,1.248,-,5.648,-,0.53,-,8.045,-,-,-,-,-,-,-,44.922,-,-,
49,국내유통,일회용,(주)디엔씨트레이딩,실버케어코튼울트라씬나이트패드,-,-,1.218,8.837,-,6.716,-,0.039,-,-,-,-,-,-,-,-,-,0.236,-,-,1.885,-,-,-,-,-,-,-,-,-,-,-,-,-,-,-,-,-,-,-,-,0.275,-,0.786,-,3.339,-,6.834,-,6.559,0.55,1.96,-,1.57,-,-,-,-,-,-,
50,국내유통,일회용,(주)라이넥스,비비꼬뜨나이트윙,-,0.603,2.212,2.996,-,3.659,-,-,-,-,-,-,-,-,-,-,-,0.105,-,-,3.566,-,-,-,-,-,-,-,-,-,-,-,-,-,-,-,-,-,-,-,-,3.148,-,5.425,-,116.444,0.268,50.582,-,24.654,0.635,1.34,-,2.71,-,-,-,-,-,-,
51,국내유통,일회용,(주)마루성코리아,레이디네이처생리대(오버나이트패드),-,0.45,-,3.149,-,1.2,-,-,-,-,-,-,-,-,-,-,-,-,-,-,2.407,-,-,-,-,-,0.375,-,-,-,0.262,-,-,-,-,-,-,-,-,-,-,8.888,-,1.237,-,17.664,0.638,2.55,-,37.759,-,5.48,-,-,-,3.52,-,104.38,-,1.56,
52,국내유통,일회용,(주)성원티엔지,언제나울트라슬림날개형 소형,-,0.476,-,2.88,-,2.028,-,-,-,-,-,-,-,-,-,-,-,-,-,-,1.503,-,-,-,-,-,-,-,-,-,-,-,-,-,-,-,-,-,-,-,-,4.006,-,1.628,-,21.709,-,2.58,-,20.211,-,1.71,-,1.22,-,-,-,-,-,-,
53,국내유통,다회용,로한,이채쑥염색일체형면생리대(레귤러),-,-,-,9.749,-,7.079,-,-,-,-,-,-,-,-,-,-,-,-,-,-,-,-,-,-,-,-,-,-,-,-,-,-,-,-,-,-,-,-,-,-,-,0.929,-,3.596,-,6.501,-,19.15,-,51.765,-,-,-,-,-,-,-,-,-,-,
54,국내유통,일회용,(주)서림,나도그래대형,-,0.844,0.716,5.091,-,3.574,-,-,-,-,-,-,-,-,-,-,-,-,-,-,2.686,-,-,-,-,-,-,-,-,-,-,-,-,-,-,-,-,-,-,-,-,7.05,-,2.887,-,38.306,-,4.572,-,35.778,-,1.86,-,2.31,-,-,-,65.11,-,-,
55,국내유통,일회용,(주)서림,나도그래중형,-,0.871,0.325,2.673,-,2.76,-,-,-,-,-,-,-,-,-,-,-,-,-,-,1.702,-,-,-,-,-,-,-,-,-,-,-,-,-,-,-,-,-,-,-,-,2.039,-,1.447,-,7.034,0.725,2.451,-,11.108,0.254,0.7,-,1.4,-,-,-,23.33,-,-,
56,국내유통,다회용,로한,루아모리면생리대(슬림),-,-,-,4.076,-,2.528,-,-,-,-,-,-,-,-,-,-,-,-,-,-,-,-,-,-,-,-,-,-,-,-,-,-,-,-,-,-,-,-,-,-,-,0.572,-,2.104,-,2.118,-,3.663,-,11.231,-,3.24,-,-,-,-,-,-,-,1.62,
57,국내유통,일회용,(주)서림,르씨엘슬림오버나이트날개,-,0.381,-,2.86,-,2.091,-,-,-,-,-,-,-,-,-,-,-,-,-,-,8.595,-,-,-,-,-,-,-,-,-,-,-,-,-,-,-,-,-,-,-,-,5.774,-,2.663,-,30.97,-,9.391,-,40.425,1.205,4.37,-,-,-,-,-,45.18,-,2.51,
58,국내유통,일회용,(주)서림,나도그래오버나이트,-,1.395,0.997,4.139,-,3.078,-,-,-,-,-,-,-,-,-,-,-,-,-,-,2.089,-,-,-,-,-,-,-,-,-,-,-,-,-,-,-,-,-,-,-,-,3.195,-,2.325,-,12.201,0.937,3.667,-,19.872,0.821,3.58,-,1.8,-,-,-,79.12,-,-,
59,국내유통,일회용,(주)서림,르씨엘슬림중형날개,-,0.837,0.4,1.93,-,3.788,-,-,-,-,-,-,-,-,-,-,-,-,-,-,0.619,-,-,-,-,-,-,-,-,-,-,-,-,-,-,-,-,-,-,-,-,5.423,-,3.202,-,15.102,-,9.57,-,27.399,1.892,-,-,-,-,-,-,-,-,-,
60,국내유통,일회용,(주)서림,르씨엘슬림대형날개,-,0.758,0.19,2.762,-,3.224,-,-,-,-,-,-,-,-,-,-,-,-,-,-,0.531,-,-,-,-,-,-,-,-,-,-,-,-,-,-,-,-,-,-,-,-,5.879,-,2.92,-,19.941,-,12.886,-,39.181,0.872,-,-,-,-,-,-,-,-,-,
61,국내유통,일회용,(주)서림,원데이원팩중형날개형,-,1.042,0.441,2.778,-,2.592,-,-,-,-,-,-,1.356,-,0.316,-,-,-,-,-,1.037,-,-,-,-,-,-,-,-,-,0.062,-,-,-,-,-,-,-,-,-,-,4.581,-,1.106,-,6.38,1.955,0.349,-,7.233,1.358,38.67,0.852,-,-,-,-,-,-,-,
62,국내유통,일회용,(주)서림,디어네이처오버나이트,-,1.461,0.273,5.448,-,3.134,-,-,-,-,-,-,-,-,-,-,-,-,-,-,1.127,-,-,-,-,-,-,-,-,-,-,-,-,-,-,-,-,-,-,-,0.325,3.351,-,3.299,-,24.774,1.192,5.674,-,32.729,0.434,-,-,-,-,-,-,-,-,-,
63,국내유통,일회용,(주)서림,원데이원팩대형날개형,-,0.692,0.396,2.835,-,4.022,-,-,-,-,-,-,0.396,-,-,-,-,-,-,-,0.56,-,-,-,-,-,-,-,-,-,-,-,-,-,-,-,-,-,-,-,-,22.814,-,57.893,-,40.189,0.429,0.725,-,11.935,0.561,1.97,0.132,0.65,-,-,-,-,-,0.65,
64,국내유통,일회용,(주)서림,디어네이처대형,-,1.47,0.504,2.899,-,4.579,-,-,-,-,-,-,-,-,-,-,-,-,-,-,0.882,-,-,-,-,-,-,-,-,-,-,-,-,-,-,-,-,-,-,-,-,5.083,-,3.277,-,16.252,1.008,4.452,-,21.757,0.756,-,-,-,-,-,-,7.68,-,-,
65,국내유통,일회용,(주)서림,디어네이처중형,-,1.775,0.725,2.934,-,3.259,-,-,-,-,-,-,-,-,-,-,-,-,-,-,0.761,-,-,-,-,-,-,-,-,-,-,-,-,-,-,-,-,-,-,-,-,3.006,-,2.101,-,10.54,1.449,4.201,-,15.827,0.797,1.38,-,-,-,-,-,57.61,-,-,
66,국내유통,일회용,(주)엠뷰글로벌,울트라슬림사과꽃여랑대형날개형,-,0.352,-,1.013,-,1.919,-,-,-,-,-,-,-,-,-,-,-,-,-,-,-,-,-,-,-,-,-,-,-,-,-,-,-,-,-,-,-,-,-,-,-,5.988,-,1.41,-,17.089,-,1.353,-,19.375,-,2.027,-,-,0.037,-,-,85.664,-,-,
67,국내유통,일회용,(주)엠뷰글로벌,울트라슬림사과꽃에이중형날개형,-,0.488,-,1.878,-,4.201,-,-,-,-,-,-,-,-,-,-,-,-,-,-,11.149,-,-,-,0.32,-,-,-,-,-,-,-,-,-,-,-,-,-,-,-,-,4.102,-,1.377,-,15.142,0.342,1.496,-,18.245,-,6.07,-,-,-,-,-,81.36,-,-,
68,국내유통,일회용,(주)성원티엔지,케어러스대형,-,1.304,-,1.251,-,3.171,-,-,-,-,-,-,1.065,-,-,-,-,-,-,-,2.816,-,-,-,-,-,-,-,-,-,-,-,-,-,-,-,-,-,-,-,-,2.701,-,1.916,-,11.027,1.227,3.577,-,15.827,-,-,-,-,-,-,-,28.27,-,-,
69,국내유통,일회용,(주)성원티엔지,케어러스중형,-,1.09,-,1.968,-,2.834,-,-,-,-,-,-,-,-,-,-,-,0.144,-,-,0.638,-,-,-,-,-,-,-,-,-,-,-,-,-,-,-,-,-,-,-,-,3.209,-,1.952,-,11.87,1.034,3.035,-,12.028,0.172,-,-,-,-,-,-,24.7,-,-,
70,국내유통,다회용,로한,이채쑥염색일체형면생리대(오버나이트),-,-,-,11.098,-,7.962,-,-,-,-,-,-,0.982,-,-,-,-,-,-,-,-,-,-,-,-,-,-,-,-,-,-,-,-,-,-,-,-,-,-,-,-,-,-,-,-,7.384,-,19.464,-,51.37,-,-,-,-,-,-,-,-,-,-,
71,국내유통,일회용,(주)성원티엔지,언제나울트라슬림날개형대형,0.303,-,-,1.285,-,1.559,-,-,-,-,-,-,9.769,-,1.098,-,-,-,-,-,-,-,-,0.227,2.649,-,-,-,-,-,-,0.34,-,-,-,-,0.566,-,-,-,0.871,3.816,-,1.366,-,9.697,1.287,1.098,-,11.287,-,1.416,-,-,-,-,-,35.76,-,-,
72,국내유통,일회용,(주)성원티엔지,해피문데이소형,0.222,1.13,0.2,1.907,-,3.235,-,-,-,-,-,-,1.153,-,0.222,-,-,-,-,-,0.268,-,-,-,-,-,-,-,-,-,-,-,-,-,-,-,-,-,-,-,-,4.347,-,1.862,-,10.107,0.754,3.455,-,12.722,0.377,-,-,-,-,-,-,-,-,-,
73,국내유통,일회용,(주)마루성코리아,레이디네이처생리대(데이패드),-,0.445,0.287,1.679,-,0.495,-,-,-,-,-,-,-,-,-,-,-,-,-,-,0.883,-,-,-,0.182,-,0.157,-,-,-,0.212,-,-,-,-,-,-,-,-,-,0.105,6.479,-,1.281,-,17.134,0.885,0.998,-,39.126,0.157,1.06,-,-,-,-,-,67.24,-,1.33,
74,국내유통,일회용,(주)성원티엔지,언제나뉴중형,0.161,0.999,1.03,1.031,-,0.485,-,-,-,-,-,-,3.286,-,0.676,-,-,-,-,-,-,0.193,-,0.29,-,-,-,0.193,-,0.161,-,0.451,-,-,-,-,-,-,-,-,1.417,2.964,-,1.16,-,6.411,0.999,3.846,-,8.956,0.226,-,-,-,-,-,-,28.795,-,-,
75,국내유통,일회용,(주)성원티엔지,언제나울트라슬림날개형중형,1.003,0.56,-,3.074,-,2.636,-,-,-,-,-,-,1.681,-,0.797,-,-,-,-,-,-,-,-,-,-,-,-,-,-,-,-,-,-,-,-,-,-,-,-,-,-,4.001,-,0.589,-,9.292,-,0.706,-,8.094,-,0.67,-,-,-,-,-,64.96,-,-,
76,국내유통,다회용,(주)송지,천사맘면날개형생리대(소형),0.44,-,-,7.966,-,32.028,-,-,-,-,-,-,3.806,-,1.15,0.533,-,-,-,-,13.859,-,-,-,-,-,-,-,-,-,-,-,-,-,-,-,-,-,-,-,-,-,-,-,-,0.632,-,0.625,-,0.696,-,-,-,4.62,-,-,-,-,-,-,
77,국내유통,일회용,(주)수미,마로메라오버나이트슈퍼롱,0.249,0.997,0.684,4.174,-,5.924,-,-,-,-,-,-,0.748,-,1.058,0.374,-,-,-,-,1.126,-,-,-,-,-,-,-,-,-,0.129,-,-,-,-,-,-,-,-,-,0.374,21.017,-,4.046,-,41.007,2.863,5.043,-,61.336,1.058,9.08,-,3.89,-,-,-,-,-,3.89,
78,국내유통,일회용,(주)수미,마로메라오버나이트롱,-,0.511,0.278,4.268,-,3.807,-,-,-,-,-,-,0.743,-,0.557,-,-,-,-,-,0.648,-,-,-,-,-,-,-,-,-,-,-,-,-,-,-,-,-,-,-,-,11.928,-,2.32,-,26.592,1.207,7.841,-,46.36,0.418,1.83,-,1.83,-,-,-,0.92,-,2.28,
79,국내유통,일회용,(주)수미,마로메라날개형대형,-,0.483,0.16,3.003,-,2.52,-,-,-,-,-,-,0.225,-,-,-,-,-,-,-,0.521,-,-,-,-,-,0.517,-,-,-,0.129,-,-,-,-,-,-,-,-,-,-,7.526,-,1.29,-,16.207,0.806,1.907,-,27.77,0.256,7.66,-,0.64,-,-,-,72.01,-,2.55,
80,국내유통,일회용,(주)수미,마로메라날개형중형,-,0.564,-,1.954,-,4.861,-,-,-,-,-,-,0.347,-,-,-,-,-,-,-,1.884,-,-,-,-,-,0.429,-,-,-,0.135,-,-,-,-,-,-,-,-,-,-,13.789,-,1.688,-,28.725,1.448,3.651,-,48.252,0.107,19.02,-,1.53,-,3.09,-,61.77,-,2.04,
81,국내유통,다회용,로한,이채플라워면생리대(소형),-,-,-,9.206,-,10.84,-,-,-,-,-,-,-,-,-,-,-,-,-,-,8.136,-,-,-,-,-,-,-,-,-,-,-,-,-,-,-,-,-,-,-,-,0.722,-,1.369,-,6.762,-,15.177,-,53.318,-,-,-,-,-,-,-,-,-,-,
82,국내유통,다회용,로한,이채플라워면생리대(대형),-,-,-,11.862,-,20.623,-,-,-,-,-,-,-,-,-,-,-,-,-,-,23.976,-,-,-,-,-,-,-,-,-,-,-,-,-,-,-,-,-,-,-,-,0.947,-,1.894,-,11.077,-,25.143,-,76.631,-,14.08,-,-,-,-,-,-,-,-,
83,국내유통,다회용,제일실업,면달셋큐티면생리대(오버나이트),-,-,-,12.439,-,11.328,-,-,-,-,-,-,-,-,-,-,-,-,-,-,-,-,2.365,-,-,-,-,-,-,-,-,-,-,-,-,-,-,-,-,-,-,-,-,0.872,-,2.815,-,7.218,-,10.088,-,-,-,-,-,-,-,-,-,-,
84,국내유통,다회용,제일실업,면달셋큐티면생리대(소형),0.662,-,-,6.595,-,5.913,-,-,-,-,-,-,-,-,0.547,-,-,-,-,-,-,-,3.062,-,-,-,-,-,-,-,-,-,-,-,-,-,-,-,-,-,-,1.21,-,1.094,-,5.049,-,3.283,-,3.158,-,-,-,-,-,-,-,-,-,-,
85,국내유통,일회용,(주)수안산업,탕저린슬림날개중형,-,0.869,0.434,5.429,0.174,2.606,-,-,-,-,-,-,-,-,-,-,-,-,-,-,1.477,-,-,-,-,-,-,-,-,-,-,-,-,-,-,-,-,-,-,-,-,1.781,-,1.173,-,6.168,0.304,0.869,-,7.558,0.261,5.17,-,-,-,2.18,-,-,-,-,
86,국내유통,일회용,(주)수안산업,탕저린슬림날개대형,-,0.761,0.385,1.491,-,1.352,-,-,-,-,-,-,-,-,-,-,-,-,-,-,-,-,-,-,-,-,-,-,-,-,-,-,-,-,-,-,-,-,-,-,-,1.782,-,1.826,-,8.452,-,2.871,-,13.246,-,0.79,-,-,-,-,-,-,-,-,
87,국내유통,일회용,(주)씨엔피코리아하이진,잇츠마인생리대(대형),-,1.334,0.444,3.001,-,2.335,-,-,-,-,-,-,0.334,-,-,0.222,-,0.112,-,-,1.19,-,-,-,-,-,-,-,-,-,-,-,-,-,-,-,-,-,-,-,0.111,6.254,-,3.263,-,19.887,0.89,4.078,-,35.699,0.408,-,-,-,-,-,-,27.97,-,-,
88,국내유통,일회용,(주)아이엠더블유,레인보우레인드롭스허벌대형생리대,-,0.367,0.367,2.233,-,1.5,-,-,-,-,-,-,0.842,-,0.22,0.147,-,-,-,-,0.293,-,-,-,2.727,-,0.586,-,-,-,-,-,-,-,-,-,-,-,0.293,-,0.182,5.114,-,1.466,-,25.694,-,1.131,-,47.933,0.478,40.15,-,-,-,-,-,40.15,-,1.49,
89,국내유통,일회용,(주)아이엠더블유,레인보우레인드롭스허벌오버나이트생리대,0.233,0.35,-,2.8,-,1.921,-,-,-,-,-,-,3.089,-,0.583,0.35,-,-,-,-,-,-,-,-,0.35,-,1.107,-,-,-,-,-,-,-,-,-,-,-,0.233,-,-,3.497,-,2.159,-,19.351,-,4.43,-,48.312,1.049,176.03,-,-,-,-,-,62.94,-,2.25,
90,국내유통,일회용,(주)아이엠더블유,레인보우레인드롭스허벌중형생리대,-,0.16,-,1.539,-,0.773,-,-,-,-,-,-,1.038,-,0.107,-,-,-,-,-,0.107,-,-,-,0.559,-,-,-,-,-,0.158,-,-,-,-,-,-,-,-,-,-,1.811,-,1.437,-,6.921,-,0.852,-,19.977,0.32,161.94,-,-,-,-,-,56.71,-,-,
91,국내유통,일회용,(주)업드림코리아,산들산들생리대오버나이트,-,0.744,-,3.714,-,2.745,-,-,-,-,-,-,-,-,-,-,-,-,-,-,2.699,-,-,-,0.605,-,-,-,-,-,-,-,-,-,-,-,-,-,-,-,0.047,19.802,-,2.369,-,33.74,3.253,5.349,-,47.432,-,10.13,-,-,-,-,-,144.73,-,-,
92,국내유통,일회용,(주)업드림코리아,산들산들생리대중형,-,0.801,0.368,2.442,-,3.98,-,-,-,-,-,-,0.4,-,-,-,-,-,-,-,0.156,-,-,-,1.233,-,-,-,-,-,-,-,-,-,-,-,-,-,-,-,0.277,12.966,-,2.776,-,18.115,3.816,2.128,-,19.083,0.339,1.57,-,-,-,-,-,95.41,-,-,
93,국내유통,일회용,(주)에이치앤제이제이,데이데이울트라슬림대형,-,-,-,1.637,-,1.265,-,-,-,-,-,-,0.152,-,0.213,0.184,-,-,-,-,0.766,-,-,-,-,-,-,-,-,-,-,-,-,-,-,-,-,-,-,-,-,2.426,-,1.321,-,14.287,-,3.523,-,29.325,1.041,-,1.254,-,-,-,-,22.41,-,-,
94,국내유통,일회용,(주)에이치앤제이제이,데이데이실크감촉410생리대,-,3.503,-,5.816,-,5.148,-,-,-,-,-,-,0.396,-,0.396,0.991,-,-,-,-,-,-,-,-,-,-,0.396,-,-,-,-,0.396,-,-,-,-,-,-,-,-,-,4.758,-,5.024,-,18.701,-,12.356,-,62.771,0.331,17.99,-,8.99,-,-,-,101.6,-,4.15,
95,국내유통,일회용,(주)에이치앤제이제이,데이데이오버나이트롱,-,1.137,-,6.044,-,3.591,-,-,-,-,-,-,0.419,-,0.239,0.239,-,-,-,-,1.078,-,-,-,-,-,-,-,-,-,-,-,-,-,-,-,-,-,-,-,-,6.343,-,2.873,-,27.23,0.898,3.77,-,56.312,-,-,-,-,-,-,-,32.83,-,1.74,
96,국내유통,일회용,(주)에이치앤제이제이,데이데이울트라슬림중형,-,1.065,0.234,2.052,-,1.95,-,-,-,-,-,-,0.312,-,0.208,0.26,-,0.208,-,0.156,0.676,-,-,-,-,-,-,-,-,-,0.208,-,-,-,-,-,-,-,-,-,-,3.246,-,1.818,-,12.155,0.831,3.219,-,27.298,1.143,-,1.299,-,-,-,-,52.88,-,0.52,
97,국내유통,일회용,(주)에이치앤제이제이,데이데이실크감촉300생리대,-,0.816,-,2.818,-,1.664,-,-,-,-,-,-,-,-,-,0.169,-,-,-,-,1.497,-,-,-,-,-,0.136,-,-,-,-,-,-,-,-,-,-,-,-,-,-,2.958,-,2.654,-,14.321,0.204,14.52,-,55.424,-,10.6,-,1.93,-,-,-,38.84,-,2.89,
98,국내유통,일회용,(주)에이치앤제이제이,데이데이실크감촉250생리대,-,0.732,0.434,2.903,-,1.926,-,-,-,-,-,-,-,-,-,0.163,-,0.136,-,-,1.275,-,-,-,-,-,0.19,-,-,-,-,-,-,-,-,-,-,-,-,-,-,2.631,-,3.283,-,11.935,-,7.731,-,31.631,0.38,9.98,-,1.71,-,-,-,31.36,-,2.56,
99,국내유통,일회용,(주)엠뷰글로벌,데이위드울트라슬림중형날개형,-,0.268,-,2.475,-,2.478,-,-,-,-,-,-,-,-,-,-,-,-,-,-,0.637,-,-,-,-,-,-,-,-,-,-,-,-,-,-,-,-,-,-,-,-,8.235,-,1.407,-,21.73,-,2.541,-,24.442,-,-,-,-,-,-,-,71.57,-,-,
100,국내유통,일회용,(주)엠뷰글로벌,라본생리대중형,-,-,0.487,3.785,-,0.75,-,-,-,-,-,-,-,-,-,-,-,-,-,-,1.762,-,-,-,-,-,-,-,-,-,-,-,-,-,-,-,-,-,-,-,-,0.412,-,0.412,-,2.211,-,2.099,-,7.009,0.637,1.48,-,-,-,-,-,-,-,-,
101,국내유통,다회용,(주)지앤이헬스케어,한나패드 소형,1.039,-,-,5.286,-,9.56,-,-,-,-,-,-,1.662,-,0.831,-,-,-,-,-,-,-,-,-,2.282,-,-,-,-,-,-,-,-,-,-,-,-,-,-,-,-,0.833,-,1.351,-,10.394,-,12.687,-,55.082,4.78,-,-,-,-,-,-,-,-,-,
102,국내유통,다회용,(주)지앤이헬스케어,한나패드중형,-,-,-,6.055,-,12.699,-,-,-,-,-,-,1.314,-,-,-,-,-,-,-,-,-,-,-,-,-,-,-,-,-,-,-,-,-,-,-,-,-,-,-,-,-,-,-,-,4.933,-,6.749,-,30.2,-,-,-,-,-,-,-,-,-,-,
103,국내유통,다회용,(주)지앤이헬스케어,한나패드 오버나이트,-,-,-,15.359,-,13.236,-,-,-,-,-,-,0.961,-,-,-,-,-,-,-,-,-,-,-,-,-,-,-,-,-,-,-,-,-,-,-,-,-,-,-,-,-,-,-,-,0.943,-,3.246,-,21.958,-,-,-,-,-,-,-,-,-,-,
104,국내유통,일회용,(주)엠뷰글로벌,데이위드슈퍼소프트중형날개형,-,-,-,2.111,-,1.056,-,-,-,-,-,-,-,-,-,-,-,-,-,-,-,-,-,-,-,-,-,-,-,-,-,-,-,-,-,-,-,-,-,-,-,2.303,-,0.959,-,14.903,-,1.247,-,17.906,-,-,-,-,-,-,-,-,-,-,
105,국내유통,일회용,(주)엠뷰글로벌,데이위드슈퍼소프트대형날개형,-,-,-,2.778,-,1.286,-,-,-,-,-,-,-,-,-,-,0.249,-,-,-,-,-,-,-,-,-,0.954,-,-,-,-,-,-,-,-,-,-,-,-,-,-,2.321,-,1.036,-,17.001,-,1.324,-,21.903,-,-,-,-,-,-,-,66.47,-,1.63,
106,국내유통,일회용,(주)엠뷰글로벌,라본생리대대형,-,-,0.466,5.688,-,1.15,-,-,-,-,-,-,-,-,-,-,-,-,-,-,0.422,-,-,-,-,-,-,-,-,-,-,-,-,-,-,-,-,-,-,-,-,0.548,-,0.652,-,2.592,-,3.212,-,9.383,0.329,-,-,-,-,-,-,-,-,-,
107,국내유통,일회용,(주)엠뷰글로벌,허그미순면커버중형(날개형),-,0.532,0.344,1.378,-,0.849,-,-,-,-,-,-,-,-,-,-,-,-,-,-,-,-,-,-,-,-,-,-,-,-,-,-,-,-,-,-,-,-,-,-,-,0.601,-,2.131,-,1.318,-,8.12,-,3.359,0.344,-,-,-,-,-,-,61.87,-,-,
108,국내유통,일회용,(주)엠뷰글로벌,허그미순면커버대형(날개형),-,0.403,0.36,2.742,-,1.023,-,-,-,-,-,-,-,-,-,-,-,-,-,-,2.421,-,-,-,-,-,-,-,-,-,-,-,-,-,-,-,-,-,-,-,0.18,1.483,-,1.663,-,3.639,-,2.655,-,8.137,0.583,3.02,-,-,-,-,-,137.97,-,-,
109,국내유통,일회용,(주)엠뷰글로벌,쏠렉다움소프트슬림중형날개형,-,0.255,0.142,2.382,-,2.184,-,-,-,-,-,-,-,-,-,-,-,-,-,-,0.397,-,-,-,-,-,-,-,-,-,-,-,-,-,-,-,-,-,-,-,-,5.359,-,0.936,-,14.462,-,1.219,-,19.082,0.312,-,-,1.84,-,-,-,123.49,-,-,
110,국내유통,일회용,(주)엠뷰글로벌,쏠렉다움소프트슬림대형날개형,-,0.287,-,4.253,-,1.859,-,-,-,-,-,-,-,-,-,-,-,-,-,-,1.518,-,-,-,-,-,0.866,-,-,-,0.166,-,-,-,-,-,-,-,-,-,-,5.886,-,1.319,-,19.993,0.508,2.626,-,31.083,0.204,-,-,-,-,-,-,84.92,-,1.91,
111,국내유통,일회용,(주)엠뷰글로벌,지쿱그린순면울트라슬림대형,-,0.716,0.279,2.544,-,1.235,-,-,-,-,-,-,-,-,-,-,-,-,-,-,-,-,-,-,3.222,-,-,-,-,-,-,-,-,-,-,-,-,-,-,-,-,0.594,-,2.702,-,1.869,-,2.273,-,4.701,-,1.66,-,-,-,-,-,107.51,-,-,
112,국내유통,일회용,(주)엠뷰글로벌,데이위드프레쉬씬대형날개형,-,0.386,-,1.759,-,0.67,-,-,-,-,-,-,-,-,-,-,-,-,-,-,0.32,-,-,-,-,-,-,-,-,-,-,-,-,-,-,-,-,-,-,-,-,3.906,-,1.934,-,7.417,-,1.471,-,7.671,1.051,-,-,-,-,-,-,100.6,-,-,
113,국내유통,일회용,(주)엠뷰글로벌,데이위드프레쉬씬중형날개형,-,0.561,0.14,1.565,-,0.679,-,-,-,-,-,-,0.116,-,-,-,-,-,-,-,0.188,-,-,-,-,-,-,-,-,-,-,-,-,-,-,-,-,-,-,-,0.046,3.364,-,1.472,-,8.506,0.187,1.519,-,8.755,0.444,-,-,-,-,-,-,86.25,-,-,
114,국내유통,일회용,(주)엠뷰글로벌,지쿱그린순면울트라슬림중형,-,0.646,-,1.627,-,1.132,-,-,-,-,-,-,-,-,-,-,-,-,-,0.185,-,-,-,-,0.74,-,-,-,-,-,-,-,-,-,-,-,-,-,-,-,-,0.831,-,1.662,-,2.219,-,2.13,-,6.907,-,2.76,-,-,-,-,-,66.4,-,-,
115,국내유통,일회용,(주)이오스트,슈베스캐치미슬림슈퍼롱오버나이트생리대,-,-,-,2.026,-,0.985,-,-,-,-,-,-,1.212,-,0.463,-,-,-,-,-,0.742,-,-,-,-,-,0.347,-,-,-,-,-,-,-,-,-,-,-,-,-,-,3.35,-,2.832,-,38.052,-,4.092,-,82.793,-,3,-,-,-,-,-,3.61,-,-,
116,국내유통,일회용,(주)이오스트,슈베스캐치미슬림오버나이트생리대,-,-,0.317,0.952,-,-,-,-,-,-,-,-,0.5,-,-,-,-,-,-,-,-,-,0.455,-,-,-,-,-,-,-,-,-,-,-,-,-,-,-,-,-,-,2.042,-,1.587,-,16.665,-,1.807,-,37.961,0.273,1.286,-,-,-,-,-,16.704,-,1.713,
117,국내유통,일회용,(주)이오스트,슈베스프라이데이울트라슬림중형생리대,-,0.275,-,1.402,-,1.003,-,-,-,-,-,-,1.528,-,0.475,-,-,-,-,-,-,-,-,-,-,-,0.225,-,-,-,0.125,-,-,-,-,-,0.1,-,-,-,-,5.287,-,1.578,-,14.798,0.249,1.325,-,32.921,-,-,-,-,-,-,-,22.92,-,1.22,
118,국내유통,일회용,(주)이오스트,슈베스프라이데이울트라슬림대형생리대,-,0.507,-,1.401,-,0.981,-,-,-,-,-,-,1.653,-,0.191,-,-,-,-,-,-,-,-,-,-,-,-,-,-,-,-,-,-,-,-,-,-,-,-,-,-,4.604,-,1.237,-,11.308,-,1.264,-,30.862,-,-,-,-,-,-,-,64.24,-,1.28,
119,국내유통,일회용,(주)이오스트,슈베스캐치미슬림대형생리대,-,0.644,0.29,1.126,0.161,1.641,-,-,-,-,-,-,1.738,-,-,0.129,-,-,-,-,-,-,-,-,-,-,-,-,-,-,-,-,-,-,-,-,-,-,-,-,-,3.862,-,1.995,-,11.585,-,2.446,-,35.591,0.386,-,-,-,-,-,-,15.73,-,1.09,
120,국내유통,다회용,목화송이협동조합,면생리대달동무(일반형),-,-,-,8.145,-,-,-,-,-,-,-,-,-,-,-,-,-,-,-,-,-,-,-,-,-,-,-,-,-,-,-,-,-,-,-,-,-,-,-,-,-,-,-,0.967,-,3.513,-,2.839,-,13.942,-,9.36,-,2.685,-,-,-,-,-,-,
121,국내유통,다회용,제일실업,면달셋큐티면생리대 대형,-,-,-,8.268,-,6.397,-,-,-,-,-,-,-,-,-,-,-,-,-,-,5.942,-,-,-,-,-,-,-,-,-,-,-,-,-,-,-,-,-,-,-,-,2.028,-,1.561,-,4.837,2.5,5.146,-,5.78,-,-,-,-,-,-,-,-,-,-,
122,국내유통,일회용,(주)장성,오늘그날면생리대(소형),-,-,0.931,6.678,-,2.421,-,-,-,-,-,-,3.607,-,-,0.359,-,-,-,-,1.673,-,-,-,-,-,-,-,-,-,-,-,-,-,-,-,-,-,-,-,-,0.523,-,0.207,-,1.356,-,1.034,-,1.971,-,10.12,-,-,-,-,-,-,-,5.86,
123,국내유통,일회용,(주)제이투엘에프에이,연생리대대형,-,0.58,0.291,2.04,-,1.456,-,-,-,-,-,-,-,-,-,-,-,-,-,-,-,-,-,-,-,-,-,-,-,-,-,-,-,-,-,-,-,-,-,-,-,8.212,-,1.801,-,16.111,1.614,3.137,-,31.075,0.161,-,-,-,-,-,-,104.79,-,-,
124,국내유통,일회용,(주)제이투엘에프에이,연생리대중형,-,0.585,0.153,1.86,-,3.582,-,-,-,-,-,-,-,-,-,-,-,-,-,-,0.102,-,-,-,-,-,-,-,-,-,-,-,-,-,-,-,-,-,-,-,-,9.106,-,1.776,-,14.788,1.476,2.823,-,25.022,0.153,-,-,-,-,-,-,65.57,-,-,
125,국내유통,일회용,(주)제이투엘에프에이,연생리대오버나이트,-,0.368,0.515,1.288,-,0.332,-,-,-,-,-,-,-,-,-,-,-,-,-,-,-,-,-,-,-,-,-,-,-,-,-,-,-,-,-,-,-,-,-,-,0.109,11.007,-,2.723,-,23.415,0.735,2.356,-,27.355,0.515,1.873,-,-,-,-,-,132.782,-,-,
126,국내유통,일회용,(주)제이투엘에프에이,본에스생리대(대형),-,0.811,-,1.719,-,4.055,-,-,-,-,-,-,-,-,-,-,-,-,-,-,-,-,-,-,-,-,0.26,-,-,-,-,-,-,-,-,-,-,-,-,-,-,2.854,-,3.503,-,11.029,0.195,2.465,-,16.997,-,-,-,-,-,-,-,43.93,-,1.29,
127,국내유통,일회용,(주)제이투엘에프에이,본에스생리대(소형),-,0.314,-,1.463,-,1.156,-,-,-,-,-,-,-,-,-,-,-,-,-,-,0.508,-,-,-,-,-,0.167,-,-,-,-,-,-,-,-,-,-,-,-,-,-,1.61,-,2.164,-,11.222,0.215,5.487,-,17.526,-,-,-,-,-,-,-,42.16,-,2.07,
128,국내유통,일회용,(주)제이투엘에프에이,본에스생리대(중형),-,0.415,-,1.485,-,1.694,-,-,-,-,-,-,-,-,-,-,-,-,-,-,0.201,-,-,-,-,-,-,-,-,-,0.167,-,-,-,-,-,-,-,-,-,-,2.215,-,3.685,-,8.455,-,2.249,-,17.4,-,1.13,-,-,-,-,-,56.32,-,0.28,
129,국내유통,일회용,(주)제이투엘에프에이,본에스생리대(슈퍼롱),-,0.688,-,3.864,-,2.833,-,-,-,-,-,-,-,-,-,-,-,-,-,-,0.695,-,-,-,-,-,0.598,-,-,-,-,-,-,-,-,-,-,-,-,-,-,5.83,-,6.167,-,22.903,0.598,6.525,-,36.125,-,-,-,-,-,-,-,102.72,-,3.19,
130,국내유통,일회용,(주)제이투엘에프에이,제이투엘본생리대(소형),-,0.377,0.142,1.748,-,2.29,-,-,-,-,-,-,-,-,-,-,-,-,-,-,-,-,-,-,-,-,0.236,-,-,-,-,-,-,-,-,-,-,-,-,-,-,1.887,-,3.094,-,13.167,-,4.956,-,27.353,-,2.77,-,-,-,-,-,24.71,-,1.38,
131,국내유통,다회용,(주)지앤이헬스케어,비너스매직코트니울트라,-,-,-,17.363,-,10.248,-,-,-,-,-,-,-,-,-,-,-,-,-,-,1.422,-,-,-,-,-,-,-,-,-,-,-,-,-,-,-,-,-,-,-,-,3.131,-,3.983,-,13.374,-,20.772,-,87.066,-,-,-,-,-,-,-,-,-,-,
132,국내유통,일회용,(주)내츄럴코리아,애니원데이,-,0.281,-,0.928,-,2.81,-,-,-,-,-,-,0.787,-,0.702,-,-,-,-,-,4.524,-,-,-,0.871,-,-,-,-,-,0.17,-,-,-,-,-,0.618,-,-,-,-,12.31,-,1.658,-,30.862,0.422,1.546,-,39.296,-,1.23,-,0.9,-,-,-,82.58,-,3.07,
133,국내유통,일회용,(주)수안산업,내츄럴코튼시그니처슬림대형,-,0.393,-,3.192,-,2.012,-,-,-,-,-,-,-,-,-,-,-,-,-,-,-,-,-,-,-,-,-,-,-,-,-,-,-,-,-,-,-,-,-,-,-,2.602,-,4.025,-,20.62,-,3.927,-,27.736,-,2,-,-,-,-,-,-,-,-,
134,국내유통,다회용,(주)지앤이헬스케어,한나패드슈퍼울트라오버나이트,1.544,-,-,25.463,-,21.164,-,-,-,-,-,-,2.772,-,1.228,-,-,-,-,-,-,-,-,-,-,-,-,-,-,-,-,-,-,-,-,-,-,-,-,-,-,-,-,-,-,-,-,1.228,-,50.796,7.387,-,-,-,-,-,-,-,-,-,
135,국내유통,다회용,로한,이채플라워면생리대(오버나이트),-,-,-,11.709,-,21.28,-,-,-,-,-,-,-,-,-,-,-,-,-,-,5.827,-,-,-,-,-,-,-,-,-,-,-,-,-,-,-,-,-,-,-,-,1.226,-,1.667,-,9.571,-,30.679,-,71.517,-,-,-,-,-,-,-,-,-,-,
136,국내유통,일회용,주식회사 대한바이오팜,베프중형,-,0.311,0.714,0.869,-,0.496,-,-,-,-,-,-,-,-,-,-,-,-,-,-,-,-,-,-,-,-,0.249,-,-,-,0.341,-,-,-,-,-,-,-,-,-,-,2.795,-,0.65,-,7.611,-,0.466,-,8.29,0.341,1.24,-,-,-,-,-,141.078,-,1.553,
137,국내유통,일회용,(주)지종,프리냅생리대(나이트패드),-,0.154,0.042,0.739,-,1.561,-,-,-,-,-,-,0.042,-,0.07,-,-,-,-,-,-,-,-,-,1.579,-,0.056,-,-,-,0.188,-,-,-,-,-,0.531,-,-,-,-,3.518,-,0.301,-,5.462,0.6,0.405,-,6.824,-,1.01,-,-,-,-,-,34.65,-,0.8,
138,국내유통,다회용,(주)코튼리퍼블릭,코튼리퍼블릭슬림라인면생리대(소형),-,-,-,7.298,-,5.754,-,-,-,-,-,-,0.568,-,-,-,-,-,-,-,2.852,-,-,-,-,-,-,-,-,-,-,-,-,-,-,-,-,-,-,-,-,-,-,-,-,2.181,-,2.49,-,15.474,-,-,-,1.76,-,-,-,-,-,-,
139,국내유통,다회용,(주)퀸비스토어,퀸비패드면생리대특대형,-,-,-,6.478,-,18.966,-,-,-,-,-,-,-,-,-,-,-,-,-,-,3.251,-,-,-,-,-,-,-,-,-,-,-,-,-,-,-,-,-,-,-,-,1.077,-,1.259,-,1.802,-,4.684,-,8.28,-,5.63,-,3.73,-,-,-,-,-,-,
140,국내유통,다회용,(주)퀸비스토어,퀸비패드면생리대대형,-,-,-,9.779,-,18.138,-,-,-,-,-,-,-,-,-,-,-,-,-,-,3.195,-,-,-,-,-,-,-,-,-,-,-,-,-,-,-,-,-,-,-,-,0.933,-,0.933,-,1.329,-,2.672,-,8.028,-,-,-,-,-,-,-,-,-,-,
141,국내유통,다회용,(주)퀸비스토어,퀸비패드면생리대중형,-,-,-,8.266,-,10.883,-,-,-,-,-,-,-,-,-,-,-,-,-,-,7.114,-,-,-,-,-,-,-,-,-,-,-,-,-,-,-,-,-,-,-,-,0.672,-,0.672,-,1.464,-,2.032,-,5.976,-,11.03,-,5.55,-,-,-,-,-,-,
142,국내유통,일회용,(주)키토라이프,아이스마일생리대(나이트),-,2.5,0.228,3.377,-,2.403,-,-,-,-,-,-,-,-,-,-,-,-,-,-,1.885,-,-,-,0.584,-,-,-,-,-,0.325,-,-,-,-,-,-,-,-,-,-,5.357,-,1.266,-,11.654,0.422,1.591,-,20.219,0.422,7.61,-,8.52,-,-,-,130.43,-,5.04,
143,국내유통,일회용,(주)키토라이프,아이스마일생리대(데이),-,0.491,0.368,0.767,-,3.251,-,-,-,-,-,-,-,-,-,-,-,-,-,-,-,-,-,-,-,-,-,-,-,-,0.614,-,-,-,-,-,-,-,-,-,0.246,10.696,-,2.146,-,25.577,0.4,2.141,-,33.739,0.214,1.213,-,-,-,-,-,115.087,-,1.819,
144,국내유통,일회용,(주)허브데이,러브유허브데이중형,-,1.601,-,3.159,-,-,-,-,-,-,-,-,-,-,-,-,-,-,-,-,-,-,-,-,-,-,-,-,-,-,-,-,-,-,-,-,-,-,-,-,-,9.899,-,1.767,-,23.026,-,1.228,-,36.27,-,10.08,-,-,-,-,-,33.11,-,-,
145,국내유통,일회용,(주)허브데이,러브유허브데이대형,-,3.778,-,3.805,-,-,-,-,-,-,-,-,-,-,-,-,-,-,-,-,-,-,-,-,-,-,-,-,-,-,-,-,-,-,-,-,-,-,-,-,-,18.43,-,2.195,-,36.285,-,1.993,-,52.63,1.127,22.86,-,1.21,-,-,-,43.37,-,-,
146,국내유통,다회용,경기부천소사지역자활센터,수미인면생리대(오버나이트)(분홍색계열그림인쇄),13.514,-,-,6.984,-,4.504,-,-,-,-,-,-,-,-,17.565,-,-,-,-,-,-,-,3.601,-,-,-,-,-,-,-,-,-,-,-,-,-,-,-,-,-,-,1.127,-,4.046,-,4.954,-,6.304,-,46.596,-,11.29,-,9.022,-,-,-,-,-,13.532,
147,국내유통,일회용,꿈과소나무,OZ 생리대 중형,-,0.444,-,4.509,-,2.249,-,-,-,-,-,-,0.332,-,0.887,-,-,-,-,-,1.001,-,-,-,-,-,-,-,-,-,-,-,-,-,-,-,-,-,-,-,-,11.312,-,1.514,-,27.647,0.224,2.182,-,46.916,-,-,-,-,-,-,-,96.24,-,0.72,
148,국내유통,일회용,꿈꾸는고래,고래슬림오버나이트,-,-,-,2.464,0.311,1.18,-,-,-,-,-,-,0.36,-,-,-,-,-,-,-,-,-,-,-,1.967,-,0.311,-,-,-,-,-,-,-,-,-,-,-,-,-,-,3.979,-,0.671,-,12.041,-,1.238,-,18.462,-,-,-,-,-,-,-,51.97,-,5.42,
149,국내유통,일회용,꿈꾸는고래,고래울트라슬림대형,0.325,-,-,1.688,-,1.498,-,-,-,-,-,-,0.206,-,0.206,-,-,-,-,-,-,-,-,-,0.147,-,-,-,-,-,-,-,-,-,-,-,0.325,-,-,-,-,2.284,-,0.503,-,13.673,-,0.335,-,24.421,-,-,-,-,-,-,-,53.45,-,4.36,
150,국내유통,일회용,꿈꾸는고래,고래울트라슬림중형,-,0.347,-,0.941,-,1.264,-,-,-,-,-,-,0.198,-,-,-,-,-,-,-,-,-,-,-,0.296,-,0.149,-,-,-,-,-,-,-,-,-,-,-,-,-,-,1.931,-,1.46,-,5.051,-,2.229,-,11.74,-,2.71,-,0.49,-,-,-,20.53,-,5.68,
151,국내유통,일회용,덕수의료기,단오 오버나이트,-,0.238,0.381,4.139,-,2.193,-,-,-,-,-,-,0.571,-,0.285,-,-,-,-,-,-,-,-,-,-,-,-,-,-,-,-,-,-,-,-,-,-,-,-,-,-,9.085,-,1.094,-,21.745,-,1.189,-,33.588,-,-,-,-,-,-,-,38.04,-,1.89,
152,국내유통,일회용,덕수의료기,단오 울트라대형,-,-,-,2.34,-,2.203,-,-,-,-,-,-,-,-,-,-,-,-,-,-,0.317,-,-,-,-,-,-,-,-,-,-,-,-,-,-,-,-,-,-,-,-,6.885,-,1.276,-,19.995,-,3.82,-,35.552,-,-,-,-,-,-,-,23.06,-,1.05,
153,국내유통,일회용,동성제약(주),와우순면울트라슬림대형,-,0.866,-,1.633,-,1.667,-,-,-,-,-,-,0.997,-,-,-,-,-,-,-,-,-,-,-,-,-,-,-,-,-,-,-,-,-,-,-,-,-,-,-,-,2.97,-,2.661,-,10.538,0.395,5.192,-,13.262,0.234,-,-,-,-,-,-,-,-,-,
154,국내유통,일회용,동성제약(주),와우순면울트라슬림중형,-,0.759,0.546,1.488,-,2.646,-,-,-,-,-,-,1.275,-,-,-,-,-,-,-,-,-,-,-,-,-,-,-,-,-,-,-,-,-,-,-,-,-,-,-,-,3.006,-,3.066,-,8.016,0.516,5.556,-,9.412,0.577,-,-,11.76,-,-,-,-,-,-,
155,국내유통,일회용,라라코리아인터내셔날(주),라라문생리대(오버나이트),-,0.771,-,4.131,-,2.006,-,-,-,-,-,-,-,-,-,-,-,-,-,-,0.539,-,-,-,-,-,-,-,-,-,-,-,-,-,-,-,-,-,-,-,-,4.049,-,2.159,-,11.526,1.658,1.349,-,17.076,-,1.45,-,-,-,-,-,94.1,-,2.17,
156,국내유통,일회용,라라코리아인터내셔날(주),라라문생리대(데이),-,1.143,0.191,1.016,-,1.492,-,-,-,-,-,-,0.224,-,-,-,-,-,-,-,-,-,-,-,-,-,0.922,-,-,-,-,0.161,-,-,-,-,-,0.573,-,-,-,6.198,-,1.388,-,12.72,1.789,2.411,-,18.169,-,3.05,-,-,-,-,-,74.7,-,2.44,
157,국내유통,다회용,로한,로한플라워면생리대(라지),-,-,-,6.964,-,8.82,-,-,-,-,-,-,0.746,-,-,-,-,-,-,-,-,-,-,-,-,-,-,-,-,-,-,-,-,-,-,-,-,-,-,-,-,1.121,-,4.125,-,9.074,-,15.563,-,45.639,-,-,-,2.57,-,-,-,-,-,-,
158,국내유통,다회용,로한,참좋은쑥염색날개형면생리대(슬림),-,-,-,6.632,-,18.213,-,-,-,-,-,-,0.446,-,-,-,-,-,-,-,-,-,-,-,-,-,-,-,-,-,-,-,-,-,-,-,-,-,-,-,-,-,-,2.278,-,2.686,-,4.665,-,8.149,-,2.15,-,5.38,-,-,-,-,-,-,
159,국내유통,다회용,목화송이협동조합,면생리대달동무(대형),-,-,-,14.806,-,-,-,-,-,-,-,-,-,-,-,-,-,-,-,-,11.443,-,-,-,-,-,-,-,-,-,-,-,-,-,-,-,-,-,-,-,-,1.345,-,-,-,3.702,-,3.701,-,7.234,-,28.74,-,7.17,-,7.17,-,-,-,-,
160,국내유통,일회용,시에이피사이언스,오보소하이안대형,-,-,-,5.229,-,0.625,-,-,-,-,-,-,1.031,-,0.183,-,-,-,-,-,0.221,-,-,-,2.431,-,-,-,-,-,-,-,-,-,-,-,-,-,-,-,-,16.94,-,0.774,-,35.227,1.513,1.542,-,54.748,-,4.63,-,-,-,-,-,92.23,-,2.14,
161,국내유통,일회용,시에이피사이언스,오보소하이안오버나이트,-,-,0.435,7.619,-,2.012,-,-,-,-,-,-,0.27,-,-,-,-,-,-,-,3.015,-,-,-,-,-,-,-,-,-,-,-,-,-,-,-,-,-,-,-,-,11.086,-,1.25,-,34.186,-,2.608,-,53.332,-,-,-,4.85,-,-,-,36.14,-,-,
162,국내유통,일회용,시에이피사이언스,허밍스더궁울트라슬림대형,-,0.212,0.283,4.802,-,1.481,-,-,-,-,-,-,0.599,-,-,-,-,-,-,-,0.431,-,-,-,0.956,-,-,-,-,-,-,-,-,-,-,-,-,-,-,-,-,16.934,-,0.815,-,35.872,1.588,2.233,-,63.469,-,5.73,-,-,-,-,-,95.59,-,2.86,
163,국내유통,일회용,시에이피사이언스,허밍스휴울트라슬림대형,-,0.22,0.403,4.803,-,1.1,-,-,-,-,-,-,0.88,-,-,-,-,-,-,-,0.403,-,-,-,2.64,-,-,-,-,-,-,-,-,-,-,-,-,-,-,-,-,19.143,-,0.88,-,33.553,1.54,3.19,-,61.756,-,1.72,-,-,-,-,-,100.1,-,2.06,
164,국내유통,일회용,시에이피사이언스,허밍스더궁울트라슬림중형,-,0.296,-,4.445,-,1.042,-,-,-,-,-,-,0.711,-,0.474,-,-,-,-,-,-,-,-,-,2.717,-,-,-,-,-,-,-,-,-,-,-,-,-,-,-,-,2.785,-,1.033,-,7.198,-,1.867,-,25.718,-,2.89,-,3.17,-,-,-,76.32,-,1.44,
165,국내유통,일회용,시에이피사이언스,오보소하이안중형,-,0.293,-,5.475,-,2.18,-,-,-,-,-,-,0.584,-,0.585,-,-,-,-,-,-,-,-,-,0.146,-,0.352,-,-,-,-,-,-,-,-,-,-,-,-,-,-,6.242,-,1.347,-,8.497,-,1.905,-,14.176,-,1.24,-,1.24,-,-,-,66.63,-,2.15,
166,국내유통,일회용,에리에르인터내셔널코리아(주),엘리스신순수감촉일반형소형,-,0.668,0.771,1.701,-,1.396,-,-,-,-,-,-,0.142,-,-,-,0.748,-,-,-,-,-,-,-,-,-,-,-,-,-,-,-,-,-,-,-,-,-,-,-,-,4.715,-,1.72,-,11.352,0.284,1.538,-,14.305,-,1.45,-,0.4,-,-,-,-,-,-,
167,국내유통,일회용,에리에르인터내셔널코리아(주),엘리스신순수감촉날개형소형,-,0.464,0.168,1.373,-,1.054,-,-,-,-,-,-,0.19,-,-,-,-,-,-,-,0.336,-,0.106,-,-,-,-,-,-,-,-,-,-,-,-,-,-,-,-,-,-,3.331,-,1.391,-,11.282,0.357,3.711,-,18.2,-,-,-,-,-,-,-,-,-,-,
168,국내유통,일회용,에리에르인터내셔널코리아(주),엘리스신순수감촉날개형대형,-,2.457,0.387,3.93,-,2.752,-,-,-,-,-,-,-,-,-,-,-,-,-,-,0.301,-,-,-,-,-,-,-,-,-,-,-,-,-,-,-,-,-,-,-,-,15.1,-,5.521,-,18.545,1.151,5.309,-,25.62,-,-,-,-,-,-,-,-,-,-,
169,국내유통,일회용,에리에르인터내셔널코리아(주),엘리스메가미퓨어슬림날개형오버나이트,-,1.134,2.805,2.341,-,19.47,-,-,-,-,-,-,1.547,-,-,-,0.591,-,-,-,-,-,-,-,-,-,-,-,-,-,-,-,-,-,-,-,-,-,-,-,-,13.015,-,4.436,-,52.053,-,3.802,-,57.978,-,0.95,-,-,-,-,-,-,-,1.9,
170,국내유통,일회용,에리에르인터내셔널코리아(주),엘리스메가미퓨어슬림날개형소형,-,0.557,0.58,1.891,-,3.36,-,-,-,-,-,-,0.411,-,-,-,0.654,-,-,-,0.148,-,-,-,-,-,-,-,-,-,-,-,-,-,-,-,-,-,-,-,-,7.058,-,2.578,-,20.052,-,1.111,-,20.5,-,-,-,-,-,-,-,-,-,0.95,
171,국내유통,일회용,에리에르인터내셔널코리아(주),엘리스메가미퓨어슬림날개형중형,-,0.393,1.126,1.525,-,2.841,-,-,-,-,-,-,0.498,-,-,-,0.733,-,-,-,-,-,-,-,-,-,-,-,-,-,-,-,-,-,-,-,-,-,-,-,-,5.403,-,2.58,-,25.482,-,0.755,-,26.598,-,-,-,-,-,-,-,-,-,0.96,
172,국내유통,일회용,에리에르인터내셔널코리아(주),엘리스컴팩트가드날개형슬림중형,-,0.269,0.421,2.414,-,-,-,-,-,-,-,-,1.827,-,-,-,0.029,-,-,-,0.387,-,-,-,-,-,-,-,-,-,-,-,-,-,-,-,-,-,-,-,-,8.218,-,1.168,-,21.163,-,3.058,-,21.461,-,-,-,-,-,-,-,-,-,-,
173,국내유통,일회용,에리에르인터내셔널코리아(주),엘리스아침까지초안심날개형슈퍼롱오버나이트,-,2.85,1.196,3.125,-,4.139,-,-,-,-,-,-,0.828,-,-,-,-,-,-,-,-,-,-,-,-,-,-,-,-,-,-,-,-,-,-,-,-,-,-,-,-,35.868,-,5.237,-,140.976,2.578,5.33,-,176.171,-,-,-,-,-,-,-,-,-,-,
174,국내유통,일회용,에리에르인터내셔널코리아(주),엘리스아침까지초안심날개형롱오버나이트,-,1.962,1.145,2.371,-,2.779,-,-,-,-,-,-,1.145,-,0.818,-,-,-,-,-,-,-,-,-,-,-,-,-,-,-,-,-,-,-,-,-,-,-,-,-,-,11.159,-,4.089,-,103.355,-,2.45,-,111.858,-,-,-,-,-,-,-,-,-,-,
175,국내유통,다회용,로한,이채쑥염색일체형면생리대(라지),-,-,-,11.374,-,6.693,-,-,-,-,-,-,-,-,-,-,-,-,-,-,-,-,-,-,-,-,-,-,-,-,-,-,-,-,-,-,-,-,-,-,-,-,-,3.227,-,7.229,-,16.598,-,36.092,-,-,-,4.36,-,-,-,-,-,-,
176,국내유통,다회용,제일실업,면달셋큐티면생리대 중형,-,-,-,7.266,-,5.049,-,-,-,-,-,-,-,-,-,-,-,-,-,-,-,-,-,-,-,-,-,-,-,-,-,-,-,-,-,-,-,-,-,-,-,1.784,-,2.059,-,2.872,-,5.469,-,6.046,-,-,-,-,-,-,-,-,-,-,
177,국내유통,일회용,(주)세한,자연느낌순수울트라슬림날개형대형,-,0.338,0.203,2.5,-,1.858,-,-,-,-,-,-,-,-,-,-,-,-,-,-,-,-,-,-,-,-,-,-,-,-,-,-,-,-,-,-,-,-,-,-,-,1.25,-,0.811,-,6.553,-,1.621,-,8.883,0.203,-,-,-,-,-,-,-,-,-,
178,국내유통,일회용,(주)세한,수비울트라씬대형,-,0.726,-,1.46,-,2.478,-,-,-,-,-,-,0.219,-,0.365,-,-,-,-,-,-,-,-,-,-,-,-,-,-,-,-,-,-,-,-,-,-,-,-,-,-,2.325,-,2.482,-,8.418,-,7.997,-,17.457,-,-,-,1.36,-,-,-,102.63,-,-,
179,국내유통,일회용,(주)세한,자연느낌순수울트라슬림날개형중형,-,0.235,-,2.423,-,1.677,-,-,-,-,-,-,-,-,-,-,-,-,-,-,0.202,-,-,-,-,-,-,-,-,-,-,-,-,-,-,-,-,-,-,-,-,1.244,-,0.775,-,5.49,-,1.446,-,9.931,-,-,-,-,-,-,-,-,-,-,
180,국내유통,일회용,(주)수안산업,내츄럴코튼시그니처슬림중형,-,0.276,-,1.222,-,1.34,-,-,-,-,-,-,0.158,-,-,-,-,-,-,-,-,-,-,-,-,-,-,-,-,-,-,-,-,-,-,-,-,-,-,-,-,11.043,-,1.34,-,43.028,-,1.342,-,31.83,-,1.31,-,-,-,-,-,-,-,-,
181,국내유통,일회용,동성제약(주),와우순면슬림슈퍼롱,-,2.178,1.886,5.711,-,4.634,-,-,-,-,-,-,-,-,-,0.506,-,-,-,-,1.962,-,-,-,-,-,-,-,-,-,-,-,-,-,-,-,-,-,-,-,0.291,5.299,-,2.475,-,8.489,-,1.969,-,6.115,-,-,-,-,-,-,-,-,-,-,
182,국내유통,일회용,(주)세한,수비울트라씬중형,-,0.861,0.173,0.974,-,2.382,-,-,-,-,-,-,0.2,-,0.432,-,-,-,-,-,-,-,-,-,-,-,-,-,-,-,-,-,-,-,-,-,-,-,-,-,-,2.382,-,3.193,-,8.906,-,4.772,-,8.989,-,-,-,1.09,-,-,-,86.52,-,-,
183,국내유통,일회용,(주)세한,닥터와이레이디버그중형날개형,-,0.541,0.319,1.75,-,2.541,-,-,-,-,-,-,0.319,-,0.255,-,-,0.671,-,-,0.764,-,-,-,-,-,-,-,-,-,-,-,-,-,-,-,-,-,-,-,-,3.316,-,2.485,-,12.399,-,6.762,-,17.993,0.574,0.62,1.914,1.23,-,-,-,95.59,-,1.23,
184,국내유통,다회용,로한,로한플라워면생리대(슬림),-,-,-,6.645,-,7.597,-,-,-,-,-,-,-,-,-,-,-,-,-,-,-,-,0.852,-,-,-,-,-,-,-,-,-,-,-,-,-,-,-,-,-,-,-,-,3.773,-,6.48,-,12.495,-,43.239,-,1.8,-,5.39,-,-,-,-,-,-,
185,국내유통,일회용,(주)세한,자연느낌골드울트라슬림날개형대형,-,0.181,0.872,0.945,-,0.3,-,-,-,-,-,-,-,-,-,-,-,-,-,-,-,-,-,-,-,-,-,-,-,-,-,-,-,-,-,-,-,-,-,-,-,1.53,-,1.998,-,9.024,-,4.047,-,9.389,0.546,1.406,-,-,-,-,-,108.3,-,-,
186,국내유통,일회용,(주)세한,리버티오가네이처오버나이트,-,-,0.648,3.039,-,2.593,-,-,-,-,-,-,-,-,-,-,-,-,-,-,1.045,-,-,-,-,-,-,-,-,-,-,-,-,-,-,-,-,-,-,-,-,2.245,-,0.798,-,9.128,-,1.547,-,9.228,0.349,-,-,2.9,-,-,-,-,-,-,
187,국내유통,다회용,(주)송지,천사맘면날개형생리대(오버나이트),1.189,-,0.848,10.056,-,45.922,-,-,-,-,-,-,7.159,-,2.049,-,-,-,-,-,9.738,-,-,-,-,-,-,-,-,-,-,-,-,-,-,-,-,-,-,-,-,-,-,0.683,-,2.072,-,1.189,-,3.403,-,-,-,9.08,-,-,-,-,-,-,
188,국내유통,일회용,(주)세한,리버티오가네이처중형,-,0.476,0.255,2.064,-,1.524,-,-,-,-,-,-,-,-,-,-,-,-,-,-,0.696,-,-,-,-,-,-,-,-,-,-,-,-,-,-,-,-,-,-,-,-,2.094,-,0.825,-,10.791,-,1.141,-,9.141,-,-,-,0.61,-,-,-,-,-,-,
189,국내유통,일회용,(주)세한,자연느낌골드울트라슬림날개형중형,-,0.241,0.451,1.745,-,1.766,-,-,-,-,-,-,-,-,-,-,-,-,-,-,0.514,-,-,-,-,-,-,-,-,-,-,-,-,-,-,-,-,-,-,-,-,2.012,-,1.111,-,11.695,-,3.728,-,15.004,0.388,-,-,1.3,-,-,-,98.26,-,-,
190,국내유통,일회용,주식회사청아뷰티앤헬스,아임오뉴울트라슬림오버나이트,-,0.643,-,1.607,-,5.416,-,-,-,-,-,-,0.321,-,0.85,-,-,-,-,-,-,-,-,-,-,-,-,-,-,-,-,-,-,-,-,-,-,-,-,-,-,6.423,-,4.705,-,18.2,-,7.553,-,35.023,-,1.56,-,-,-,-,-,42.26,-,-,
191,국내유통,일회용,주식회사 대한바이오팜,리얼오오버나이트날개형,-,0.259,-,0.721,-,-,-,-,-,-,-,-,-,-,-,-,-,-,-,-,-,-,-,-,-,-,-,-,-,-,-,-,-,-,-,-,-,-,-,-,-,2.625,-,1.05,-,12.998,-,2.618,-,21.25,-,2.432,-,-,-,-,-,128.45,-,-,
192,국내유통,일회용,주식회사 대한바이오팜,리얼오중형날개형,-,0.907,-,0.755,-,1.321,-,-,-,-,-,-,0.189,-,-,-,-,-,-,-,-,-,-,-,-,-,-,-,-,-,-,-,-,-,-,-,-,-,-,-,-,2.229,-,1.059,-,11.034,-,2.003,-,19.047,-,-,-,1.08,-,-,-,99.78,-,-,
193,국내유통,일회용,(주)마루성코리아,레이디네이처생리대(나이트패드),-,0.485,0.194,2.325,-,0.356,-,-,-,-,-,-,-,-,-,-,-,-,-,-,1.388,-,-,-,-,-,0.259,-,-,-,0.226,-,-,-,-,-,-,-,-,-,-,7.951,-,1.421,-,21.611,1.035,1.421,-,49.777,-,0.7,-,1.4,-,-,-,87.98,-,2.1,
194,국내유통,일회용,주식회사 대한바이오팜,리얼오대형날개형,-,1.125,-,1.92,-,1.96,-,-,-,-,-,-,0.25,-,-,-,-,-,-,-,-,-,-,-,-,-,-,-,-,-,-,-,-,-,-,-,-,-,-,-,-,2.791,-,1.423,-,13.308,0.454,3.872,-,23.393,-,-,-,0.82,-,-,-,160.05,-,-,
195,국내유통,일회용,(주)에스에스케이,와우프리미엄슬림날개형슈퍼롱,-,0.483,-,6.269,-,4.271,-,-,-,-,-,-,-,-,-,-,-,-,-,-,1.933,-,-,-,-,-,-,-,-,-,-,-,-,-,-,-,-,-,-,-,-,9.565,-,4.184,-,23.637,-,19.051,-,64.859,-,-,-,-,-,-,-,-,-,-,
196,국내유통,일회용,주식회사 대한바이오팜,허브랑목화랑울트라슬림오버나이트,-,3.404,-,1.676,-,5.447,-,-,-,-,-,-,0.314,-,-,-,-,-,-,-,1.257,-,-,-,11.941,-,-,-,-,-,-,-,-,-,-,-,-,-,-,-,0.367,7.123,-,2.723,-,12.36,2.619,1.885,-,16.602,-,-,-,-,-,-,-,105.12,-,-,
197,국내유통,일회용,주식회사 대한바이오팜,데이앤졸리울트라슬림대형날개형,-,1.12,0.253,2.203,-,1.336,-,-,-,-,-,-,-,-,-,-,-,14.916,-,4.046,1.229,-,-,-,-,-,0.289,-,-,-,-,-,-,-,-,-,-,-,-,-,-,6.718,-,2.311,-,10.763,0.289,17.411,-,10.98,26.872,1.1,14.845,-,-,-,-,41.3,-,-,
198,국내유통,일회용,주식회사이지앤모어,누르오버나이트날개형,0.144,0.319,7.07,1.161,-,0.823,-,-,-,-,-,-,0.172,-,0.144,-,-,1.243,-,2.954,-,-,-,-,-,-,-,-,-,-,-,-,-,-,-,-,-,-,-,-,-,0.639,-,1.456,-,5.101,-,2.276,-,1.824,1.885,1.675,-,1.116,-,-,-,-,-,-,
199,국내유통,일회용,주식회사 대한바이오팜,클라우드나인네이처대형날개형,-,0.914,-,1.735,-,1.432,-,-,-,-,-,-,0.39,-,-,-,-,-,-,-,-,-,-,-,-,-,0.646,-,-,-,0.162,-,-,-,-,-,-,-,-,-,-,6.441,-,2.481,-,9.73,0.599,0.39,-,9.977,-,1.65,-,-,-,-,-,131.86,-,2.47,
200,국내유통,일회용,주식회사 대한바이오팜,리얼울트라슬림허브랑목화랑만나해피한날중형날개형,-,1.122,0.512,1.09,-,2.82,-,-,-,-,-,-,0.288,-,-,-,-,-,-,-,-,-,-,-,-,-,-,-,-,-,-,-,-,-,-,-,-,-,-,-,-,7.501,-,1.827,-,13.398,2.47,1.732,-,13.075,-,1.37,-,-,-,-,-,118.83,-,-,
201,국내유통,일회용,주식회사 대한바이오팜,젬무브미중형,-,1.121,0.496,2.045,-,1.868,-,-,-,-,-,-,-,-,-,-,-,-,-,-,0.273,-,-,-,0.342,-,0.25,-,-,-,0.217,-,-,-,-,-,-,-,-,-,0.155,5.448,-,0.901,-,7,1.335,0.842,-,8.167,1.371,1.2,-,-,-,-,-,60.84,-,1.2,
202,국내유통,일회용,주식회사 대한바이오팜,리얼울트라슬림허브랑목화랑만나해피한날대형날개형,0.26,0.694,0.26,1.992,-,4.663,-,-,-,-,-,-,0.434,-,0.778,-,-,-,-,-,-,-,-,-,-,-,1.385,-,-,-,-,-,-,-,-,-,-,-,-,-,-,3.685,-,2.292,-,7.84,-,0.696,-,10.611,7.285,2.52,-,-,-,-,-,53.64,-,2.52,
203,국내유통,일회용,주식회사 대한바이오팜,클라우드나인네이처중형날개형,-,0.849,0.204,1.426,-,1.325,-,-,-,-,-,-,0.373,-,0.476,-,-,-,-,-,-,-,-,-,-,-,0.476,-,-,-,-,-,-,-,-,-,-,-,-,-,-,5.368,-,2.242,-,8.971,0.972,0.535,-,9.622,-,-,-,-,-,-,-,63.95,-,1.36,
204,국내유통,일회용,주식회사 대한바이오팜,젬무브미특대형,-,1.436,0.323,7.857,-,16.386,-,-,-,-,-,-,0.701,-,-,-,-,-,-,-,1.12,-,-,-,-,-,-,-,-,-,-,-,-,-,-,-,-,-,-,-,-,10.108,-,7.094,-,17.97,0.742,9.328,-,16.147,-,4.62,-,-,-,1.39,-,89.72,-,2.76,
205,국내유통,일회용,주식회사 대한바이오팜,레이디문중형,-,0.221,-,2.714,-,1.237,-,-,-,-,-,-,1.484,-,-,-,-,0.758,-,0.189,0.883,-,-,-,0.691,-,-,-,-,-,-,-,-,-,-,-,-,-,0.189,-,-,4.83,-,0.852,-,10.357,0.821,1.8,-,15.44,0.347,6.81,0.221,-,-,-,-,122.57,-,1.24,
206,국내유통,일회용,주식회사 대한바이오팜,데이앤졸리울트라슬림중형날개형,-,1.108,-,1.425,-,1.331,-,-,-,-,-,-,-,-,-,-,-,16.343,-,5.767,0.728,-,-,-,-,-,0.317,-,-,-,-,-,-,-,-,-,-,-,-,-,-,7.093,-,2.122,-,9.404,0.317,0.317,-,9.374,16.912,-,19.319,1.33,-,-,-,40.83,-,1.33,
207,국내유통,일회용,주식회사 대한바이오팜,레이디문대형,-,0.648,0.692,3.276,-,1.207,-,-,-,-,-,-,1.164,-,-,-,-,1.639,-,0.345,2.075,-,-,-,-,-,-,-,-,-,-,-,-,-,-,-,-,-,-,-,-,6.294,-,1.336,-,13.323,1.165,3.707,-,22.371,1.25,1.15,1.077,-,-,-,-,154.51,-,1.53,
208,국내유통,일회용,(주)장성,오늘그날면생리대(대형),-,-,-,8.326,-,5.471,-,-,-,-,-,-,4.972,-,-,-,-,-,-,-,-,-,-,-,-,-,-,-,-,-,-,-,-,-,-,-,-,-,-,-,-,-,-,-,-,1.421,-,1.625,-,-,-,10.42,-,3.08,-,-,-,-,-,8.33,
209,국내유통,일회용,주식회사 대한바이오팜,하얀하얀중형,-,0.946,0.951,2.276,-,5.995,-,-,-,-,-,-,0.222,-,-,-,-,-,-,-,-,-,-,-,-,-,-,-,-,-,-,-,-,-,-,-,-,-,-,-,-,6.087,-,2.864,-,13.446,0.855,5.87,-,22.126,0.505,-,-,-,-,-,-,-,-,-,
210,국내유통,일회용,주식회사 대한바이오팜,하얀하얀대형,0.183,0.274,0.762,1.921,-,1.83,-,-,-,-,-,-,0.397,-,0.274,-,-,-,-,-,-,-,-,-,-,-,-,-,-,-,-,-,-,-,-,-,-,-,-,-,-,4.483,-,1.189,-,10.247,-,0.488,-,12.199,0.305,-,-,-,-,-,-,-,-,-,
211,국내유통,다회용,(주)지앤이헬스케어,홈플러스시그너처나를위한건강한습관순면중형,1.02,-,-,10.14,-,5.931,-,-,-,-,-,-,3.288,-,1.136,-,-,-,-,-,1.709,-,-,-,-,-,-,-,-,-,-,-,-,-,-,-,-,-,-,-,-,0.805,-,1.132,-,2.865,-,6.163,-,20.108,-,11.6,-,-,-,-,-,-,-,9.28,
212,국내유통,일회용,주식회사 뷰코셋코리아,뷰코셋바이오노말윙생리대,-,0.201,1.086,2.68,-,2.436,-,-,-,-,-,-,-,-,-,-,-,0.201,-,-,1.603,-,0.111,-,-,-,-,-,-,-,-,-,-,-,-,-,-,-,-,-,-,1.627,-,1.341,-,6.858,-,3.959,-,7.895,0.111,4.49,-,0.45,-,1.8,-,-,-,-,
213,국내유통,일회용,주식회사 뷰코셋코리아,뷰코셋바이오롱윙생리대,-,-,0.46,2.829,-,1.706,-,-,-,-,-,-,-,-,-,-,-,-,-,-,1.038,-,-,-,-,-,-,-,-,-,-,-,-,-,-,-,-,-,-,-,-,1.558,-,0.779,-,6.468,-,0.923,-,3.753,-,2.01,-,1.15,-,0.86,-,-,-,-,
214,국내유통,일회용,주식회사대한바이오팜,베프대형,-,0.896,-,1.306,-,1.381,-,-,-,-,-,-,0.597,-,0.299,-,-,-,-,-,-,-,-,-,-,-,0.373,-,-,-,-,-,-,-,-,-,-,-,-,-,-,5.149,-,1.493,-,11.904,0.746,1.68,-,14.627,1.53,-,-,-,-,-,-,97.29,-,2.25,
215,국내유통,일회용,주식회사이엠지아시아,비오인티마노떼코날리생리대대형,0.116,0.174,2.435,3.859,-,1.623,-,-,-,-,-,-,0.348,-,0.638,0.174,-,-,-,-,-,-,-,-,-,-,-,-,-,-,-,-,-,-,-,-,-,-,-,-,-,1.073,-,2.29,-,59.422,-,32.353,-,21.154,0.435,-,-,-,-,-,-,-,-,10.31,
216,국내유통,일회용,주식회사이엠지아시아,비오인티마조르노코날리생리대중형,0.181,0.285,3.908,2.744,-,1.708,-,-,-,-,-,-,0.414,-,0.596,-,-,-,-,-,-,-,-,-,-,-,-,-,-,-,-,-,-,-,-,-,-,-,-,-,-,1.45,-,2.718,-,74.075,-,35.926,-,19.439,0.621,0.8,-,-,-,-,-,-,-,-,
217,국내유통,일회용,주식회사제이앤하이,네띠슈퍼날개형중형,-,0.457,1.645,1.371,-,1.797,-,-,-,-,-,-,-,-,-,-,-,-,-,-,0.609,-,-,-,-,-,-,-,-,-,-,-,-,-,-,-,-,-,-,-,-,2.62,-,1.066,-,48.619,-,1.889,-,69.272,0.244,-,-,-,-,-,-,-,-,-,
218,국내유통,일회용,주식회사제이앤하이,네띠나이트날개형대형,-,0.51,1.275,1.71,-,1.455,-,-,-,-,-,-,-,-,-,-,-,-,-,-,0.8,-,-,-,-,-,-,-,-,-,-,-,-,-,-,-,-,-,-,-,-,0.983,-,0.583,-,21.473,-,1.965,-,58.458,-,-,-,-,-,-,-,-,-,-,
219,국내유통,일회용,주식회사청아뷰티앤헬스,아임오뉴울트라슬림윙소형,-,0.922,0.417,1.131,-,3.314,-,-,-,-,-,-,0.267,-,0.21,-,-,-,-,-,-,-,-,-,-,-,-,-,-,-,-,-,-,-,-,-,-,-,-,-,-,4.554,-,3.443,-,10.523,0.386,4.491,-,14.96,0.448,-,-,0.89,-,-,-,-,-,-,
220,국내유통,일회용,주식회사청아뷰티앤헬스,아임오뉴울트라슬림윙대형,-,0.662,-,1.397,-,3.496,-,-,-,-,-,-,0.441,-,0.294,-,-,-,-,-,0.256,-,-,-,-,-,-,-,-,-,-,-,-,-,-,-,-,-,-,-,-,5.036,-,3.602,-,11.065,-,4.447,-,17.093,0.184,-,-,-,-,-,-,54.91,-,-,
221,국내유통,일회용,주식회사청아뷰티앤헬스,아임오뉴울트라슬림윙중형,-,0.803,0.732,1.153,-,2.9,-,-,-,-,-,-,0.384,-,0.245,-,-,-,-,-,-,-,-,-,-,-,0.21,-,-,-,-,-,-,-,-,-,-,-,-,-,-,5.837,-,3.319,-,13.595,0.385,4.788,-,22.754,0.524,-,-,0.73,-,-,-,26.09,-,1.09,
222,국내유통,일회용,시에이피사이언스,허밍스휴울트라슬림중형,-,0.698,0.901,0.9,-,0.509,-,-,-,-,-,-,15.669,-,0.175,-,0.146,-,-,-,-,-,-,-,54.932,-,-,-,-,-,0.289,-,-,-,-,-,-,-,-,-,0.349,1.891,-,1.862,-,9.132,-,7.095,-,38.45,0.175,1.671,-,1.948,-,-,-,-,-,-,
223,국내유통,일회용,(주)지종,프리냅생리대(오버나이트),-,0.695,-,1.142,-,3.382,-,-,-,-,-,-,-,-,-,-,-,-,-,-,6.111,-,-,-,2.581,-,-,-,-,-,0.744,-,-,-,-,-,0.298,-,-,-,-,23.49,-,1.589,-,54.98,2.187,0.848,-,72.756,-,4.01,-,-,-,-,-,258.86,-,9.09,
224,국내유통,일회용,주식회사이지앤모어,누르울트라씬날개형,0.178,0.278,8.538,1.087,-,0.858,-,-,-,-,-,-,0.203,-,0.152,-,-,1.595,-,3.444,-,-,-,-,-,-,-,-,-,-,-,-,-,-,-,-,-,-,-,-,-,0.557,-,1.593,-,8.751,-,3.217,-,1.697,2.049,1.061,-,1.061,-,-,-,-,-,-,
225,국내유통,일회용,코스메디칼솔루션리서치,콜만패드마더레이트플로우,-,-,0.36,2.994,-,1.856,-,-,-,-,-,-,-,-,-,-,-,-,-,-,-,-,-,-,-,-,-,-,-,-,-,-,-,-,-,-,-,-,-,-,-,0.858,-,1.527,-,6.351,0.249,7.301,-,11.597,0.331,-,-,-,-,-,-,-,-,-,
226,국내유통,일회용,코스메디칼솔루션리서치,콜만패드헤비플로우,-,0.183,0.544,2.175,-,1.314,-,-,-,-,-,-,-,-,-,-,-,-,-,-,0.781,-,-,-,-,-,-,-,-,-,-,-,-,-,-,-,-,-,-,-,-,0.942,-,0.698,-,2.887,1.186,1.608,-,3.009,0.483,-,-,-,-,-,-,-,-,-,
227,국내유통,다회용,로한,로한플라워면생리대(레귤러),-,-,-,10.296,-,7.911,-,-,-,-,-,-,-,-,-,-,-,-,-,-,-,-,-,-,-,-,-,-,-,-,-,-,-,-,-,-,-,-,-,-,-,0.975,-,4.875,-,7.69,-,12.676,-,38.349,-,3.51,-,-,-,-,-,-,-,-,
228,국내유통,일회용,코오롱제약(주),오늘순면생리대대형,-,0.847,0.482,4.005,-,2.452,-,-,-,-,-,-,-,-,-,-,-,-,-,-,1.126,-,-,-,-,-,-,-,-,-,-,-,-,-,-,-,-,-,-,-,-,2.798,-,1.815,-,5.486,0.359,2.63,-,7.188,0.201,0.88,-,1.31,-,-,-,-,-,-,
229,국내유통,일회용,코오롱제약(주),오늘순면생리대중형,-,0.715,-,3.683,-,2.11,-,-,-,-,-,-,-,-,-,-,-,-,-,-,1.001,-,-,-,-,-,-,-,-,-,-,-,-,-,-,-,-,-,-,-,-,1.967,-,1.323,-,5.97,0.322,3.289,-,9.942,-,-,-,-,-,-,-,-,-,-,
230,국내유통,다회용,핑크하트,위즐리(소형),-,-,-,8.895,-,4.739,-,-,-,-,-,-,1.701,-,-,-,-,-,-,-,2.505,-,-,-,-,-,-,-,-,-,-,-,-,-,-,-,-,-,-,-,-,0.816,-,-,-,2.291,-,3.07,-,3.967,-,-,-,-,-,-,-,-,-,-,
231,국내유통,다회용,핑크하트,위즐리(점보나이트),-,-,-,23.406,-,22.042,-,-,-,-,-,-,5.256,-,-,-,-,-,-,-,3.605,-,-,-,-,-,-,-,-,-,-,-,-,-,-,-,-,-,-,-,-,-,-,-,-,5.694,-,4.135,-,13.35,-,-,-,-,-,-,-,-,-,-,
232,국내유통,다회용,핑크하트,위즐리(오버나이트),-,-,-,24.54,-,12.583,-,-,-,-,-,-,4.017,-,-,-,-,-,-,-,-,-,1.342,-,-,-,-,-,-,-,-,-,-,-,-,-,-,-,-,-,-,1.146,-,3.97,-,5.341,-,7.959,-,24.634,-,24.6,-,10.25,-,-,-,-,-,-,
233,국내유통,다회용,핑크하트,위즐리(대형),-,-,-,9.325,-,9.027,-,-,-,-,-,-,2.679,-,-,-,-,-,-,-,-,-,-,-,-,-,-,-,-,-,-,-,-,-,-,-,-,-,-,-,-,0.595,-,1.206,-,2.836,-,5.798,-,9.199,-,-,-,-,-,-,-,-,-,-,
234,국내유통,다회용,핑크하트,위즐리(중형),-,-,-,8.46,-,5.208,-,-,-,-,-,-,2.555,-,-,-,-,-,-,-,-,-,-,-,-,-,-,-,-,-,-,-,-,-,-,-,-,-,-,-,-,-,-,1.027,-,3.46,-,3.215,-,12.335,-,-,-,-,-,-,-,-,-,-,
235,국내유통,다회용,(주)코튼리퍼블릭,코튼리퍼블릭내추럴특오버나이트면생리대,-,-,-,22.404,-,23.577,-,-,-,-,-,-,0.943,-,3.06,-,-,-,-,-,-,-,-,-,-,-,-,-,-,-,-,-,-,-,-,-,-,-,-,-,-,-,-,2.138,-,6.8,-,8.676,-,12.281,-,-,-,6.98,-,-,-,-,-,-,
236,국내유통,일회용,(주)장성,오늘그날면생리대(중형),-,-,-,8.068,-,6.095,-,-,-,-,-,-,3.092,-,-,-,-,-,-,-,-,-,-,-,-,-,-,-,-,-,-,-,-,-,-,-,-,-,-,-,-,0.531,-,0.828,-,1.816,-,1.962,-,1.275,-,13.01,-,2.91,-,-,-,-,-,8.74,
237,국내유통,다회용,목화송이협동조합,면생리대달동무(오버나이트),-,-,-,19.229,-,-,-,-,-,-,-,-,-,-,-,-,-,-,-,-,-,-,-,-,-,-,-,-,-,-,-,-,-,-,-,-,-,-,-,-,-,-,-,-,-,3.466,-,4.439,-,8.438,-,-,-,18.24,-,-,-,-,-,9.12,
238,국내유통,다회용,함께하는그날협동조합,소락패드오버나이트,-,-,-,56.006,-,25.825,-,-,-,-,-,-,-,-,-,-,-,-,-,-,15.766,-,-,-,-,-,-,-,-,-,-,-,-,-,-,-,-,-,-,-,-,3.354,-,-,-,7.71,-,8.049,-,19.451,-,13.25,-,13.25,-,-,-,-,-,-,
239,국내유통,다회용,함께하는그날협동조합,소락패드중형,-,-,-,17.906,-,13.427,-,-,-,-,-,-,1.153,-,-,-,-,-,-,-,2.485,-,-,-,-,-,-,-,-,-,-,-,-,-,-,-,-,-,-,-,-,-,-,-,-,3.897,-,12.757,-,37.385,-,-,-,-,-,-,-,-,-,-,
240,해외직구,일회용,P&G,always infinity flex foam(regular),0.114,0.495,0.343,6.687,-,2.742,-,-,-,-,-,-,0.381,-,0.362,-,-,0.571,-,0.418,1.2,0.114,0.933,0.152,-,0.114,-,-,0.114,0.171,-,0.286,-,-,-,-,-,-,-,-,-,1.181,-,5.959,-,6.537,4.989,10.893,-,9.544,7.236,3.103,0.362,14.059,-,0.731,-,-,-,2.192,
241,해외직구,일회용,P&G,always infinity flex foam(heavy flow),0.083,1.143,0.291,3.099,-,6.822,-,-,-,-,-,-,0.873,-,0.561,-,-,1.185,-,0.811,1.393,0.125,1.101,0.187,-,0.125,-,-,0.125,0.166,-,0.333,-,-,-,-,-,-,-,-,-,7.775,-,7.732,-,6.359,7.214,12.452,-,8.714,4.532,3.69,0.291,16.932,-,0.868,0.228,-,-,2.605,
242,해외직구,일회용,yoni,yoni chemical free protection(heavy),0.157,0.403,4.415,1.396,-,0.667,-,-,-,-,-,-,0.279,-,0.288,-,-,0.249,-,-,-,-,-,-,-,-,-,-,-,-,-,0.187,-,-,-,-,-,-,-,-,-,1.494,-,1.865,-,49.521,-,20.961,-,10.098,1.429,1.256,-,-,-,-,-,-,-,8.161,
243,해외직구,일회용,yoni,yoni chemical free protection(medium),0.193,0.248,6.706,1.867,-,1.658,-,-,-,-,-,-,0.303,-,-,-,-,0.248,-,-,-,-,0.366,-,-,-,-,-,-,-,-,-,-,-,-,-,-,-,-,-,-,0.932,-,1.577,-,55.623,-,24.023,-,10.398,1.656,2.152,-,1.614,-,-,-,-,-,7.499,
244,해외직구,일회용,Laurier,ロリエしあわせ素肌シリ?ズ(로리에 행복 피부 시리즈),0.12,0.959,2.128,-,-,-,-,-,-,-,-,-,4.168,-,-,-,-,-,-,-,-,-,-,-,-,-,-,-,-,-,-,-,-,-,-,-,-,-,-,-,0.24,3.323,-,0.688,-,14.53,0.362,1.802,-,15.092,0.569,1.297,-,2.594,-,-,-,-,-,-,
245,해외직구,일회용,TOM Oraganic,TOM ORGANIC REGULAR PAD WITH ORGANIC COTTON,0.221,0.221,3.507,1.101,-,1.879,-,-,-,-,-,-,14.524,-,0.415,-,-,-,-,-,2.785,-,0.415,-,-,-,-,-,-,-,0.054,-,-,-,-,-,-,-,-,-,-,4.773,0.166,0.497,-,8.804,3.757,0.391,-,5.694,0.937,9.589,-,2.075,-,-,-,-,-,1.291,
246,해외직구,일회용,TOM Oraganic,TOM ORGANIC SUPER PAD WITH ORGANIC COTTON,0.124,-,4.546,1.515,-,2.876,-,-,-,-,-,-,11.659,-,0.247,-,-,-,-,-,0.804,-,0.618,-,-,-,-,-,-,-,-,-,-,-,-,-,-,-,-,-,-,6.896,-,1.237,-,70.044,-,2.381,-,98.678,0.742,16.965,-,1.786,-,-,-,-,-,1.488,
247,해외직구,일회용,Seventh Generation. Inc.,Seventh Generation Chlorine Free PAD (OVERNIGHT),-,0.664,0.399,-,-,0.531,-,-,-,-,-,-,9.554,-,-,-,-,0.233,-,-,14.072,-,0.364,-,-,-,-,-,-,-,-,-,-,-,-,-,-,-,-,-,0.364,3.619,-,2.291,-,15.522,0.862,4.978,-,21.145,0.298,1.851,-,3.33,-,-,-,57.361,-,1.112,
248,해외직구,일회용,JESSA,Jessa ULTRA-BINDEN DRY COMFORT,0.206,1.057,4.653,0.891,-,1.977,-,-,-,-,0.206,-,6.475,-,0.138,-,0.16,0.23,-,-,-,-,-,-,-,-,-,-,-,-,0.206,-,-,-,-,-,-,-,-,-,0.779,10.423,-,2.246,-,44.798,0.25,2.015,-,55.443,1.835,3.025,-,3.24,-,-,-,-,-,0.864,
249,해외직구,일회용,"Kimberly-Clark Worldwide, Inc.",U BY KOTEX(ultra sports medium),-,0.422,1.662,0.467,-,0.372,-,-,-,-,-,-,8.336,-,-,0.149,-,0.124,-,-,-,-,-,0.249,-,-,-,-,-,-,-,-,-,-,-,-,-,-,0.223,-,0.223,1.44,-,2.086,0.149,12.401,-,5.86,-,18.339,0.347,1.015,-,1.251,-,-,-,-,-,0.507,
250,해외직구,일회용,JESSA,Jessa ultra binden active shape,0.08,1.581,3.322,1.401,-,2.4,-,-,-,-,-,-,5.804,-,0.12,-,0.181,0.16,-,-,-,-,-,-,-,-,-,-,-,-,0.14,-,-,-,-,-,-,-,-,-,0.84,2.863,-,2.201,-,4.163,1.301,3.782,-,5.863,3.381,2.111,0.12,1.071,-,-,-,-,-,-,
251,국내유통,일회용,(주)보람씨앤에치,저스트마이데이팬티라이너롱,-,0.377,0.434,7.349,-,1.417,-,-,-,-,-,-,-,-,-,-,-,-,-,-,-,-,-,-,-,-,-,-,-,-,-,-,-,-,-,-,-,-,-,-,-,1.383,-,0.389,-,4.319,0.057,0.697,-,4.73,0.709,-,-,-,-,-,-,-,-,-,
252,국내유통,일회용,(주)보람씨앤에치,프롬소이팬티라이너롱,-,0.331,0.59,0.642,-,1.625,-,-,-,-,-,-,0.052,-,-,-,-,-,-,-,0.094,-,0.094,-,-,-,-,-,-,-,-,0.093,-,-,-,-,-,-,-,-,0.124,0.61,-,1.066,-,0.972,-,1.47,-,1.738,0.424,0.71,-,-,-,-,-,-,-,-,
253,국내유통,일회용,(주)웰크론헬스케어,한울순면팬티라이너일반,-,0.208,0.504,1.332,-,1.204,-,-,-,-,-,-,-,-,-,-,-,-,-,-,0.033,-,-,-,-,-,-,-,-,-,-,-,-,-,-,-,-,-,-,-,0.052,0.754,-,0.728,-,2.16,-,2.075,-,3.102,0.408,0.13,-,0.26,-,-,-,-,-,-,
254,국내유통,일회용,(주)웰크론헬스케어,숲속이야기팬티라이너일반,-,0.694,0.558,0.798,-,0.718,-,-,-,-,-,-,-,-,-,-,-,-,-,-,0.251,-,-,-,-,-,-,-,-,-,0.032,-,-,-,-,-,-,-,-,-,0.17,0.855,-,0.661,-,1.774,0.598,0.992,-,2.613,0.476,0.16,-,-,-,-,-,-,-,-,
255,국내유통,일회용,(주)제이투엘오에이치,순면본팬티라이너(롱),-,0.452,0.304,1.624,-,2.344,-,-,-,-,-,-,-,-,-,-,-,-,-,-,0.063,-,-,-,-,-,-,-,-,-,-,-,-,-,-,-,-,-,-,-,0.083,1.587,-,1.744,-,5.855,0.296,1.652,-,7.278,0.149,1.39,-,-,-,-,-,-,-,0.37,
256,국내유통,일회용,(주)제이투엘오에이치,순면본팬티라이너(일반),-,0.314,0.498,1.802,-,1.805,-,-,-,-,-,-,-,-,-,-,-,-,-,-,0.048,-,-,-,-,-,-,-,-,-,-,-,-,-,-,-,-,-,-,-,0.116,0.676,-,1.058,-,2.075,0.225,1.249,-,2.396,0.171,0.28,-,-,-,-,-,-,-,0.28,
257,국내유통,일회용,바디와이즈아시아(주),나트라케어내추럴팬티라이너(롱),0.105,0.499,3.956,2.287,-,1.07,-,-,-,-,-,-,0.105,-,-,-,-,-,-,-,0.931,-,-,-,-,-,-,-,-,-,-,-,-,-,-,-,-,-,-,-,-,0.434,0.105,0.458,-,1.798,0.615,2.111,-,4.429,0.118,0.98,-,-,-,-,-,-,-,-,
258,국내유통,일회용,유한킴벌리(주),화이트에코프레시팬티라이너수퍼롱,-,0.365,0.576,1.748,-,2.009,-,-,-,-,-,-,-,-,-,-,-,-,-,-,-,-,-,-,-,-,-,-,-,-,-,-,-,-,-,-,-,-,-,-,0.063,4.943,-,1.266,-,19.384,0.4,2.889,-,24.06,0.355,-,-,-,-,-,-,-,-,-,
259,국내유통,일회용,중원주식회사,시크릿데이코튼팬티라이너롱에이,-,0.836,0.564,0.862,-,1.799,-,-,-,-,-,-,0.054,-,-,-,-,-,-,-,0.236,-,-,-,-,-,-,-,-,-,-,-,-,-,-,-,-,-,-,-,0.145,1.244,-,1.408,-,3.56,0.581,1.862,-,3.971,0.672,0.3,-,-,-,-,-,-,-,-,
260,국내유통,일회용,중원주식회사,시크릿데이바이미피팬티라이너롱,-,0.557,0.391,1.673,-,1.643,-,-,-,-,-,-,-,-,-,-,-,-,-,-,0.362,-,-,-,-,-,-,-,-,-,-,-,-,-,-,-,-,-,-,-,0.098,1.369,-,1.164,-,4.255,0.342,1.986,-,4.461,0.44,-,-,-,-,-,-,-,-,-,
261,국내유통,일회용,(주)내츄럴코리아,내츄럴코튼리올데일리라이너롱,-,0.284,0.089,0.844,-,0.639,-,-,-,-,-,-,-,-,-,-,-,-,-,-,0.586,-,-,-,-,-,-,-,-,-,-,-,-,-,-,-,-,-,-,-,-,1.145,-,0.231,-,4.688,0.213,0.328,-,5.017,0.062,1.41,-,0.29,-,0.3,-,-,-,-,
262,국내유통,일회용,(주)내츄럴코리아,내츄럴코튼라이블리와이드롱팬티라이너,-,0.097,0.227,0.756,-,0.4,-,-,-,-,-,-,-,-,-,-,-,-,-,-,0.811,-,-,-,-,-,0.043,-,-,-,-,-,-,-,-,-,-,-,-,-,0.076,0.562,-,0.173,-,1.275,-,0.205,-,2.129,0.14,1.65,-,-,-,-,-,5.49,-,-,
263,국내유통,일회용,(주)내츄럴코리아,내츄럴코튼시그니처팬티라이너,-,0.234,0.447,0.61,-,0.462,-,-,-,-,-,-,0.028,-,-,-,0.071,-,-,-,-,-,-,-,-,-,-,-,-,-,0.057,-,-,-,-,-,-,-,-,-,0.213,0.39,-,0.738,-,1.298,0.071,1.122,-,2.051,0.284,0.592,-,0.739,-,-,-,-,-,-,
264,국내유통,일회용,(주)내츄럴코리아,내츄럴코튼시그니처롱팬티라이너,-,0.281,0.16,1.392,-,1.149,-,-,-,-,-,-,-,-,-,-,-,-,-,-,2.363,-,-,-,-,-,-,-,-,-,-,-,-,-,-,-,-,-,-,-,0.123,0.464,-,0.841,-,1.758,0.087,1.341,-,2.542,0.208,3.59,-,0.61,-,-,-,-,-,-,
265,국내유통,일회용,(주)라이넥스,비비꼬뜨팬티라이너폴디드,-,0.017,1.656,2.78,-,2.069,-,-,-,-,-,-,-,-,-,-,-,-,-,-,0.29,-,-,-,-,-,-,-,-,-,-,-,-,-,-,-,-,-,-,-,-,0.307,-,0.93,-,32.43,-,16.101,-,8.482,0.245,-,-,0.76,-,-,-,-,-,1.7,
266,국내유통,일회용,(주)에이치앤제이제이,데이데이엣지팬티라이너,-,0.521,0.743,0.461,-,0.657,-,-,-,-,-,-,0.051,-,-,-,0.051,0.188,-,0.085,-,-,-,-,-,-,-,-,-,-,0.077,-,-,-,-,-,-,-,-,-,0.137,6.312,-,1.383,-,19.164,0.359,4.151,-,33.677,0.82,0.23,0.248,1.09,-,-,-,-,-,0.62,
267,국내유통,일회용,(주)서림,원데이원팩팬티라이너롱,-,0.363,1.223,1.032,-,1.07,-,-,-,-,-,-,0.239,-,0.057,-,-,-,-,-,0.154,-,-,-,-,-,-,-,-,-,0.057,-,-,-,-,-,-,-,-,-,0.153,2.685,-,3.125,-,3.077,0.554,0.306,-,1.978,1.692,0.44,0.096,0.26,-,-,-,-,-,-,
268,국내유통,다회용,제일실업,면달셋큐티면생리대 팬티라이너,-,0.348,-,2.702,-,1.268,-,-,-,-,-,-,-,-,-,-,-,0.638,-,-,-,-,-,-,-,-,-,-,-,-,-,-,-,-,-,-,-,-,-,-,-,0.696,-,1.053,-,1.683,-,4.235,-,3.655,-,6.664,-,-,-,-,-,-,-,-,
269,국내유통,다회용,(주)송지,천사맘데일리프레쉬라이너,-,-,-,5.822,-,10.714,-,-,-,-,-,-,2.663,-,0.421,-,-,-,-,-,3.607,-,-,-,-,-,-,-,-,-,-,-,-,-,-,-,-,-,-,-,-,-,-,-,-,-,-,0.561,-,0.561,-,-,-,3.29,-,-,-,-,-,-,
270,국내유통,일회용,(주)씨엔피코리아하이진,잇츠마인팬티라이너일반,-,0.183,-,1.818,-,0.742,-,-,-,-,-,-,-,-,-,-,-,-,-,-,0.193,-,-,-,-,-,-,-,-,-,-,-,-,-,-,-,-,-,-,-,0.039,1.204,-,0.684,-,9.301,-,0.937,-,21.798,0.106,-,-,0.39,-,-,-,-,-,-,
271,국내유통,일회용,(주)씨엔피코리아하이진,잇츠마인팬티라이너롱,-,0.121,-,1.625,-,0.775,-,-,-,-,-,-,-,-,-,-,-,-,-,-,0.073,-,-,-,-,-,-,-,-,-,-,-,-,-,-,-,-,-,-,-,-,1.067,-,0.812,-,13.593,-,3.939,-,49.481,0.146,-,-,0.55,-,-,-,4.39,-,0.99,
272,국내유통,일회용,(주)아이엠더블유,레인보우레인드롭스허벌팬티라이너,-,1.339,0.042,0.484,-,0.199,-,-,-,-,-,-,0.228,-,0.056,-,-,-,-,-,0.33,-,-,-,-,-,-,-,-,-,-,-,-,-,-,-,-,-,-,-,-,0.87,-,0.394,-,3.167,0.077,0.194,-,4.699,0.131,15.3,-,-,-,-,-,-,-,0.28,
273,국내유통,일회용,(주)업드림코리아,산들산들생리대팬티라이너,-,0.17,0.059,0.835,-,1.049,-,-,-,-,-,-,0.119,-,0.106,-,-,-,-,-,0.124,-,-,-,0.355,-,-,-,-,-,-,-,-,-,-,-,0.057,-,-,-,0.047,3.259,-,0.594,-,5.702,0.543,1.391,-,8.644,0.187,-,-,-,-,-,-,-,-,-,
274,국내유통,일회용,(주)에이치앤제이제이,데이데이실크감촉180팬티라이너,-,0.648,1.211,1.449,-,1.144,-,-,-,-,-,-,-,-,0.054,0.14,-,0.065,-,-,0.448,-,-,-,-,-,-,-,-,-,-,0.097,-,-,-,-,-,-,-,-,0.28,2.187,-,2.035,-,6.743,0.594,3.084,-,12.787,0.982,-,0.097,1.94,-,-,-,-,-,0.39,
275,국내유통,일회용,(주)에이치앤제이제이,데이데이팬티라이너롱,-,0.428,0.922,0.902,-,1.109,-,-,-,-,-,-,-,-,-,-,-,-,-,-,0.162,-,-,-,-,-,-,-,-,-,-,-,-,-,-,-,-,-,-,-,0.13,2.69,-,0.525,-,11.122,0.279,0.519,-,15.166,0.688,-,-,-,-,-,-,-,-,-,
276,국내유통,일회용,(주)엠뷰글로벌,라본팬티라이너롱,-,0.079,0.584,1.279,-,0.484,-,-,-,-,-,-,-,-,-,-,-,-,-,-,-,-,-,-,-,-,-,-,-,-,-,-,-,-,-,-,-,-,-,-,-,0.28,-,0.561,-,0.938,-,1.042,-,2.506,1.113,-,-,0.17,-,-,-,-,-,-,
277,국내유통,일회용,(주)엠뷰글로벌,데이위드울트라슬림롱라이너,-,0.11,-,0.669,-,0.576,-,-,-,-,-,-,-,-,-,-,-,-,-,-,-,-,-,-,-,-,-,-,-,-,-,-,-,-,-,-,-,-,-,-,-,1.935,-,0.424,-,4.723,-,0.696,-,6.642,0.221,-,-,-,-,-,-,-,-,-,
278,국내유통,일회용,(주)엠뷰글로벌,쏠렉다움소프트슬림롱라이너,-,0.244,0.071,0.852,-,1.105,-,-,-,-,-,-,-,-,-,-,-,-,-,-,0.149,-,-,-,-,-,-,-,-,-,-,-,-,-,-,-,-,-,-,-,0.063,3.068,-,0.734,-,8.485,0.197,1.113,-,10.429,0.22,-,-,0.56,-,-,-,-,-,-,
279,국내유통,일회용,(주)엠뷰글로벌,데이위드슈퍼소프트롱라이너,-,0.244,-,1.24,-,1.08,-,-,-,-,-,-,-,-,-,-,-,-,-,-,0.126,-,-,-,-,-,-,-,-,-,-,-,-,-,-,-,-,-,-,-,-,1.506,-,0.625,-,6.452,-,0.739,-,8.306,0.084,-,-,0.24,-,-,-,-,-,-,
280,국내유통,일회용,(주)엠뷰글로벌,지쿱그린순면롱팬티라이너,-,0.232,-,0.585,-,0.731,-,-,-,-,-,-,-,-,-,-,-,-,-,-,-,-,-,-,-,-,-,-,-,-,-,-,-,-,-,-,-,-,-,-,-,0.722,-,0.98,-,1.797,-,1.341,-,0.988,0.094,-,-,-,-,-,-,-,-,-,
281,국내유통,일회용,(주)이오스트,슈베스캐치미팬티라이너롱,-,0.383,0.266,0.453,-,0.774,-,-,-,-,-,-,0.344,-,0.039,0.008,-,-,-,-,-,-,-,-,-,-,-,-,-,-,0.016,-,-,-,-,-,-,-,-,-,0.094,3.299,-,0.962,-,8.35,0.461,0.758,-,16.879,0.391,-,-,-,-,-,-,-,-,0.15,
282,국내유통,일회용,(주)이오스트,슈베스캐치미팬티라이너,-,0.173,-,0.341,-,0.59,-,-,-,-,-,-,0.648,-,0.093,-,-,-,-,-,-,-,-,-,-,-,-,-,-,-,-,-,-,-,-,-,-,-,-,-,-,2.129,-,0.567,-,5.802,0.058,0.688,-,17.217,0.058,-,-,-,-,-,-,-,-,-,
283,국내유통,일회용,(주)제이투엘에프에이,연팬티라이너,-,0.197,0.151,0.806,-,0.733,-,-,-,-,-,-,-,-,-,-,-,-,-,-,-,-,-,-,-,-,-,-,-,-,-,-,-,-,-,-,-,-,-,-,0.059,3.926,-,0.445,-,6.169,0.675,0.615,-,12.323,0.21,-,-,-,-,-,-,-,-,-,
284,국내유통,일회용,(주)제이투엘에프에이,본에스팬티라이너(일반),-,0.187,0.05,0.41,-,0.743,-,-,-,-,-,-,-,-,-,-,-,-,-,-,-,-,-,-,-,-,-,-,-,-,-,-,-,-,-,-,-,-,-,-,0.014,0.65,-,1.097,-,3.475,0.068,0.742,-,5.275,0.079,-,-,-,-,-,-,-,-,0.37,
285,국내유통,일회용,(주)제이투엘에프에이,본에스팬티라이너(롱),-,0.167,-,0.625,-,1.027,-,-,-,-,-,-,-,-,-,-,-,-,-,-,0.07,-,-,-,-,-,-,-,-,-,-,-,-,-,-,-,-,-,-,-,-,1.309,-,5.459,-,6.657,0.07,1.426,-,3.667,0.044,-,-,-,-,-,-,-,-,-,
286,국내유통,일회용,(주)제이투엘에프에이,제이본팬티라이너(일반),-,0.415,0.143,0.744,-,1.447,-,-,-,-,-,-,-,-,-,-,-,-,-,-,-,-,-,-,-,-,-,-,-,-,-,-,-,-,-,-,-,-,-,-,0.064,1.468,-,3.765,-,5.734,0.2,1.123,-,6.743,0.214,-,-,-,-,-,-,-,-,-,
287,국내유통,일회용,(주)제이투엘에프에이,제이본팬티라이너(롱),-,0.421,0.502,0.567,-,0.971,-,-,-,-,-,-,-,-,-,-,-,-,-,-,0.178,-,-,-,-,-,-,-,-,-,-,-,-,-,-,-,-,-,-,-,0.138,1.474,-,3.287,-,6.412,0.227,2.032,-,9.902,0.283,-,-,-,-,-,-,-,-,-,
288,국내유통,다회용,(주)지앤이헬스케어,비너스매직코트니팬티라이너,-,-,0.356,7.112,-,4.256,-,-,-,-,-,-,0.475,-,-,-,-,-,-,-,2.117,-,-,-,-,-,-,-,-,-,-,-,-,-,-,-,-,-,-,-,-,0.593,-,0.413,-,13.691,-,2.484,-,31.05,2.545,-,-,-,-,-,-,-,-,-,
289,국내유통,일회용,시에이피사이언스,허밍스작은마녀,0.032,1.777,1.506,0.53,-,2.349,-,-,-,-,-,-,0.056,-,-,-,-,-,-,-,-,0.443,-,0.66,0.386,0.483,-,0.249,-,0.604,0.08,1.223,-,-,-,-,-,-,-,-,0.274,2.726,0.089,2.478,0.314,4.192,3.524,0.548,0.089,5.673,0.595,-,0.048,0.15,-,-,0.073,-,-,0.3,
290,국내유통,다회용,로한,로한로하스면팬티라이너,-,-,-,7.369,-,5.769,-,-,-,-,-,-,0.305,-,-,-,-,-,-,-,-,-,-,-,-,-,-,-,-,-,-,-,-,-,-,-,-,-,-,-,-,0.363,-,1.845,-,3.897,-,7.495,-,23.76,-,3.43,-,-,-,-,-,-,-,-,
291,국내유통,일회용,(주)지종,프리냅팬티라이너,0.035,0.32,0.547,0.984,-,2.208,-,-,-,-,-,-,0.16,-,-,-,-,-,-,-,0.14,-,-,0.049,0.941,-,-,-,-,-,-,-,-,-,-,-,0.23,-,-,-,-,3.837,-,0.383,-,7.337,0.541,0.656,-,10.117,0.153,2.14,-,-,-,-,-,-,-,1.87,
292,국내유통,일회용,(주)엠뷰글로벌,미애부순수화프리라이너,0.123,1.099,3.02,0.349,-,0.679,-,-,-,-,0.041,-,0.164,-,0.431,-,0.298,0.082,-,0.185,-,-,-,-,8.228,-,-,-,-,-,0.349,-,-,-,-,-,-,-,-,-,0.811,0.679,-,1.87,-,1.346,0.308,1.315,-,1.766,2.034,0.533,-,0.62,-,-,-,-,-,-,
293,국내유통,다회용,(주)퀸비스토어,퀸비패드면생리대라이너,-,-,-,5.12,-,11.185,-,-,-,-,-,-,-,-,-,-,-,-,-,-,1.732,-,-,-,-,-,-,-,-,-,-,-,-,-,-,-,-,-,-,-,-,0.504,-,0.361,-,0.938,-,1.875,-,2.163,-,2.79,-,-,-,-,-,-,-,-,
294,국내유통,일회용,(주)키토라이프,아이스마일생리대(팬티라이너),-,1.238,0.446,1.608,-,1.12,-,-,-,-,-,-,0.051,-,0.103,-,-,-,-,-,1.923,-,0.158,-,0.092,-,-,-,-,-,0.034,-,-,-,-,-,-,-,-,-,0.067,2.14,-,0.285,-,3.71,0.278,0.411,-,5.307,0.177,1.62,-,0.25,-,-,-,-,-,3.26,
295,국내유통,일회용,(주)태봉,그날레시피팬티라이너일반,-,0.293,0.569,1.202,-,1.754,-,-,-,-,-,-,-,-,-,-,-,-,-,-,-,-,-,-,-,-,-,-,-,-,-,-,-,-,-,-,-,-,-,-,0.054,1.859,-,0.671,-,3.096,-,0.193,-,2.725,1.139,-,-,0.36,-,-,-,-,-,-,
296,국내유통,일회용,(주)태봉,그날레시피팬티라이너롱,-,0.165,0.1,0.521,-,1.704,-,-,-,-,-,-,0.037,-,-,-,-,-,-,-,0.12,-,-,-,-,-,-,-,-,-,-,-,-,-,-,-,-,-,-,-,-,1.531,-,0.623,-,2.903,-,1.08,-,3.559,0.421,-,-,0.43,-,-,-,-,-,-,
297,국내유통,일회용,(주)태봉,생활공작소롱팬티라이너,-,0.452,1.881,0.705,-,0.632,-,-,-,-,-,-,-,-,-,-,-,-,-,-,-,-,-,-,-,-,-,-,-,-,-,-,-,-,-,-,-,-,-,-,0.163,0.795,-,0.687,-,2.765,0.506,0.56,-,2.458,1.229,-,-,-,-,-,-,-,-,-,
298,국내유통,일회용,(주)태봉,나도그래팬티라이너롱,-,0.189,0.257,0.799,-,1.213,-,-,-,-,-,-,-,-,0.245,-,-,-,-,-,0.332,-,-,-,-,-,-,-,-,-,-,-,-,-,-,-,-,-,-,-,0.043,1.6,-,0.43,-,2.694,-,0.249,-,2.237,0.636,-,-,0.25,-,-,-,-,-,-,
299,국내유통,일회용,(주)태봉,르씨엘팬티라이너롱,-,0.51,2.152,0.455,-,1.933,-,-,-,-,-,-,-,-,-,-,-,-,-,-,0.146,-,-,-,-,-,-,-,-,-,0.046,-,-,-,-,-,-,-,-,-,0.219,3.262,-,0.811,-,4.228,0.875,1.239,-,4.72,1.668,-,-,-,-,-,-,-,-,-,
300,국내유통,일회용,(주)태봉,본프라임팬티라이너일반,-,0.796,0.787,0.88,-,0.687,-,-,-,-,-,-,-,-,-,-,-,-,-,-,-,-,-,-,-,-,-,-,-,-,-,-,-,-,-,-,-,-,-,-,0.09,2.242,-,0.576,-,2.839,0.265,0.395,-,2.793,0.246,-,-,-,-,-,-,-,-,-,
301,국내유통,일회용,(주)태봉,강블리라이프블링데이팬티라이너,-,0.196,0.585,0.704,-,0.81,-,-,-,-,-,-,-,-,-,-,-,-,-,-,0.229,-,-,-,-,-,-,-,-,-,-,-,-,-,-,-,-,-,-,-,0.086,1.514,-,0.362,-,3.079,0.102,0.239,-,2.832,0.576,-,-,0.29,-,-,-,-,-,-,
302,국내유통,일회용,(주)태봉,본플러스도톰한팬티라이너일반,-,0.344,0.348,1.184,-,1.957,-,-,-,-,-,-,-,-,-,-,-,-,-,-,-,-,-,-,-,-,-,-,-,-,-,-,-,-,-,-,-,-,-,-,-,3.085,-,0.624,-,4.974,-,0.659,-,4.818,0.717,-,-,-,-,-,-,-,-,-,
303,국내유통,일회용,(주)태봉,강블리라이프블링데이롱팬티라이너,-,0.267,1.076,0.685,-,0.877,-,-,-,-,-,-,-,-,-,-,-,-,-,-,0.133,-,-,-,-,-,-,-,-,-,-,-,-,-,-,-,-,-,-,-,0.183,2.161,-,0.442,-,3.663,0.1,0.3,-,3.507,0.776,-,-,-,-,-,-,-,-,-,
304,국내유통,일회용,(주)태봉,제이투엘본골드팬티라이너 일반,-,0.378,0.198,1.036,-,1.243,-,-,-,-,-,-,-,-,-,-,-,-,-,-,-,-,-,-,-,-,-,-,-,-,-,-,-,-,-,-,-,-,-,-,-,2.685,-,1.079,-,4.165,-,0.121,-,2.886,0.712,-,-,0.34,-,-,-,-,-,-,
305,국내유통,일회용,(주)태봉,본플러스도톰한팬티라이너롱,-,0.42,0.243,1.302,-,2.848,-,-,-,-,-,-,-,-,-,-,-,-,-,-,-,-,-,-,-,-,-,-,-,-,-,-,-,-,-,-,-,-,-,-,-,3.639,-,0.913,-,6.332,0.176,1.327,-,7.052,0.558,-,-,-,-,-,-,-,-,-,
306,국내유통,일회용,(주)태봉,디어네이처팬티라이너롱,-,0.287,0.637,1.859,-,1.445,-,-,-,-,-,-,-,-,-,-,-,-,-,-,0.464,-,-,-,-,-,-,-,-,-,-,-,-,-,-,-,-,-,-,-,0.054,1.148,-,0.395,-,2.44,0.08,0.734,-,3.465,0.494,1.39,-,-,-,0.44,-,-,-,-,
307,국내유통,일회용,(주)태봉,제이투엘본골드팬티라이너롱,-,0.177,-,0.761,-,2.107,-,-,-,-,-,-,-,-,-,-,-,-,-,-,-,-,-,-,-,-,-,-,-,-,-,-,-,-,-,-,-,-,-,-,-,2.394,-,0.849,-,5.393,-,1.196,-,6.385,0.288,-,-,-,-,-,-,-,-,-,
308,국내유통,일회용,(주)태봉,르프레시롱팬티라이너,-,0.064,-,0.602,-,1.296,-,-,-,-,-,-,-,-,-,-,-,-,-,-,-,-,-,-,-,-,-,-,-,-,-,-,-,-,-,-,-,-,-,-,-,0.556,-,0.776,-,3.178,-,2.529,-,5.588,0.128,-,-,-,-,-,-,-,-,-,
309,국내유통,일회용,(주)허브데이,러브유허브데이팬티라이너,-,0.466,-,0.708,-,0.208,-,-,-,-,-,-,-,-,-,-,-,-,-,-,-,-,-,-,-,-,-,-,-,-,-,-,-,-,-,-,-,-,-,-,-,3.25,-,0.811,-,9.007,-,0.755,-,12.511,0.132,6.32,-,0.13,-,-,-,-,-,-,
310,국내유통,다회용,경기부천소사지역자활센터,수미인면팬티라이너(분홍색계열그림인쇄),15.207,-,-,6.875,-,4.971,-,-,-,-,-,-,-,-,12.775,0.809,-,-,-,-,3.616,-,-,-,-,-,-,-,-,-,-,-,-,-,-,-,-,-,-,-,-,0.37,-,-,-,2.682,-,4.476,-,31.661,-,-,-,-,-,-,-,-,-,2.36,
311,국내유통,일회용,꿈과소나무,OZ 팬티라이너 롱,-,0.241,0.14,1.104,-,0.707,-,-,-,-,-,-,-,-,0.1,0.121,-,-,-,-,0.191,-,-,-,-,-,-,-,-,-,-,-,-,-,-,-,-,-,-,-,0.09,2.96,-,1.243,-,13.416,0.088,1.376,-,16.407,0.11,-,-,-,-,-,-,-,-,-,
312,국내유통,일회용,꿈꾸는고래,고래슬림롱팬티라이너,-,0.337,0.724,0.96,-,0.842,-,-,-,-,-,-,0.202,-,0.067,-,-,-,-,-,-,-,-,-,0.084,-,-,-,-,-,-,-,-,-,-,-,-,-,-,-,-,1.145,-,1.835,-,3.619,0.32,1.65,-,7.967,0.421,-,-,-,-,-,-,1.14,-,2.28,
313,국내유통,일회용,꿈꾸는고래,고래슬림팬티라이너,0.036,0.211,0.145,0.584,-,0.344,-,-,-,-,-,-,0.06,-,0.066,-,-,-,-,-,-,-,-,-,0.186,-,-,-,-,-,-,-,-,-,-,-,0.379,-,0.06,-,0.036,1.259,-,0.536,-,2.844,0.216,0.319,-,4.109,0.151,2.85,-,-,-,-,-,-,-,1.55,
314,국내유통,일회용,덕수의료기,단오 롱라이너,-,-,0.061,0.587,-,0.306,-,-,-,-,-,-,0.073,-,0.073,-,-,-,-,-,-,-,-,-,-,-,-,-,-,-,-,-,-,-,-,-,-,-,-,-,-,1.149,-,0.367,-,4.939,-,2.275,-,15.002,-,-,-,-,-,-,-,1.11,-,-,
315,국내유통,다회용,로한,이채면팬티라이너,-,-,-,12.066,-,5.43,-,-,-,-,-,-,0.237,-,-,-,-,-,-,-,-,-,-,-,-,-,-,-,-,-,-,-,-,-,-,-,-,-,-,-,-,1.012,-,3.142,-,6.588,-,10.783,-,26.989,-,5.08,-,1.27,-,-,-,-,-,-,
316,국내유통,일회용,동성제약(주),와우슬림일반롱팬티라이너,-,0.762,1.045,0.793,-,1.886,-,-,-,-,-,-,-,-,0.042,-,-,-,-,-,-,-,-,-,-,-,-,-,-,-,-,-,-,-,-,-,-,-,-,-,0.136,2.263,-,1.346,-,5.738,0.635,2.306,-,7.334,1.045,-,-,-,-,-,-,-,-,-,
317,국내유통,일회용,동아제약(주),템포내추럴순면라이너롱,-,0.365,0.454,0.533,-,0.741,-,-,-,-,-,-,-,-,-,-,-,-,-,-,-,-,-,-,-,-,-,-,-,-,-,-,-,-,-,-,-,-,-,-,0.089,1.54,-,1.402,-,2.528,0.267,2.202,-,3.377,0.968,-,-,0.36,-,-,-,-,-,-,
318,국내유통,일회용,라라코리아인터내셔날(주),라라문생리대(팬티라이너),0.064,0.495,1.227,0.76,-,0.823,-,-,-,-,-,-,0.137,-,0.146,0.055,0.064,-,-,-,-,-,0.082,-,-,-,-,-,-,-,0.064,-,-,-,-,-,-,-,-,-,0.229,1.768,-,0.641,-,4.515,0.311,0.788,-,6.686,0.321,1.099,-,-,-,-,-,-,-,2.102,
319,국내유통,다회용,로한,참좋은쑥염색팬티라이너,-,-,-,3.064,-,0.629,-,-,-,-,-,-,-,-,-,-,-,0.279,-,-,-,-,0.487,-,-,-,-,-,-,-,-,-,-,-,-,-,-,-,-,-,-,-,-,1.461,-,1.603,-,1.882,-,8.292,-,5.699,-,-,-,-,-,-,-,-,
320,국내유통,다회용,목화송이협동조합,면생리대달동무팬티라이너,-,-,-,6.64,-,-,-,-,-,-,-,-,-,-,-,-,-,-,-,-,2.836,-,-,-,-,-,-,-,-,-,-,-,-,-,-,-,-,-,-,-,-,0.196,-,0.328,-,0.658,-,1.38,-,3.09,-,3.25,-,2.58,-,-,-,-,-,-,
321,국내유통,일회용,주식회사 대한바이오팜,베프팬티라이너,-,0.572,0.715,0.456,-,0.643,-,-,-,-,-,-,0.07,-,-,-,-,-,-,-,-,-,-,-,-,-,-,-,-,-,-,-,-,-,-,-,-,-,-,-,0.187,1.688,-,0.993,-,5.476,0.503,1.561,-,7.896,0.48,-,-,-,-,-,-,-,-,-,
322,국내유통,일회용,시에이피사이언스,오보소하이안팬티라이너,-,0.145,-,0.731,-,0.834,-,-,-,-,-,-,0.122,-,-,-,-,-,-,-,-,-,-,-,-,-,-,-,-,-,-,-,-,-,-,-,-,-,-,-,-,1.033,-,0.574,-,3.242,-,0.522,-,7.814,0.163,-,-,0.65,-,-,-,-,-,-,
323,국내유통,일회용,에리에르인터내셔널코리아(주),엘리스메가미퓨어슬림라이너,-,0.053,0.171,0.63,-,2.129,-,-,-,-,-,-,0.107,-,-,-,-,-,-,-,0.075,-,-,-,-,-,-,-,-,-,-,-,-,-,-,-,-,-,-,-,-,1.178,-,0.853,-,10.947,-,1.419,-,13.583,-,-,-,-,-,-,-,-,-,-,
324,국내유통,일회용,(주)세한,닥터와이레이디버그라이너,0.057,0.242,0.283,0.517,-,0.606,-,-,-,-,-,-,0.121,-,0.097,-,-,0.299,-,-,0.21,-,-,-,-,-,-,-,-,-,-,-,-,-,-,-,-,-,-,-,-,0.8,-,0.687,0.186,3.004,0.081,1.761,-,6.389,0.541,0.3,1.066,0.3,-,-,-,-,-,0.45,
325,국내유통,일회용,(주)세한,수비울트라씬롱팬티라이너,-,0.19,0.214,0.297,-,0.888,-,-,-,-,-,-,0.068,-,0.145,-,-,-,-,-,-,-,-,-,-,-,-,-,-,-,-,-,-,-,-,-,-,-,-,-,0.046,1.119,-,1.387,-,2.428,-,2.36,-,2.834,0.465,-,-,0.33,-,-,-,-,-,-,
326,국내유통,일회용,(주)세한,블루블루롱팬티라이너,-,0.121,0.049,0.544,-,1.213,-,-,-,-,-,-,-,-,-,-,-,0.177,-,-,0.234,-,-,-,-,-,-,-,-,-,-,-,-,-,-,-,-,-,-,-,-,1.872,-,1,-,9.675,-,2.359,-,9.507,0.178,0.72,0.459,0.8,-,-,-,-,-,0.73,
327,국내유통,일회용,(주)세한,리버티오가네이처팬티라이너,-,0.25,1.114,0.616,-,0.889,-,-,-,-,-,-,-,-,-,-,-,-,-,-,0.359,-,-,-,-,-,-,-,-,-,-,-,-,-,-,-,-,-,-,-,0.118,1.204,-,0.507,-,3.427,0.101,0.749,-,2.909,0.758,-,-,0.29,-,-,-,-,-,-,
328,국내유통,일회용,(주)세한,자연느낌골드오롱팬티라이너,-,0.369,0.295,0.467,-,0.927,-,-,-,-,-,-,-,-,-,-,-,-,-,-,0.123,-,-,-,-,-,-,-,-,-,-,-,-,-,-,-,-,-,-,-,0.057,1.157,-,0.976,-,3.865,0.057,1.567,-,2.806,0.516,-,-,-,-,-,-,-,-,-,
329,국내유통,일회용,(주)태봉,케어러스롱라이너,-,0.268,1.959,0.313,-,0.947,-,-,-,-,-,-,0.093,-,0.213,-,-,-,-,-,-,-,-,-,-,-,-,-,-,-,-,-,-,-,-,-,-,-,-,-,0.176,1.628,-,0.831,-,3.363,0.129,0.387,-,2.941,1.361,-,-,0.28,-,-,-,-,-,-,
330,국내유통,일회용,(주)태봉,오닉피노팬티라이너일반,-,0.105,0.077,0.287,-,0.903,-,-,-,-,-,-,0.063,-,0.124,-,-,-,-,-,-,-,-,-,-,-,-,-,-,-,-,-,-,-,-,-,-,-,-,-,-,0.937,-,0.669,-,2.326,-,1.036,-,2.747,0.133,-,-,0.22,-,-,-,-,-,-,
331,국내유통,일회용,(주)태봉,오닉피노팬티라이너 롱,-,0.294,0.714,0.244,-,1.212,-,-,-,-,-,-,0.067,-,0.134,-,0.042,-,-,-,-,-,-,-,-,-,-,-,-,-,-,-,-,-,-,-,-,-,-,-,0.084,1.633,-,0.902,-,3.277,0.109,1.055,-,3.833,0.79,-,-,0.33,-,-,-,-,-,-,
332,국내유통,일회용,주식회사 대한바이오팜,리얼오팬티라이너,-,0.546,0.539,0.252,-,0.544,-,-,-,-,-,-,0.073,-,0.084,0.071,-,-,-,-,-,-,-,-,-,-,-,-,-,-,-,-,-,-,-,-,-,-,-,-,0.084,0.948,-,0.779,-,3.589,0.233,0.944,-,6.15,0.182,-,-,0.36,-,-,-,-,-,-,
333,국내유통,일회용,(주)태봉,오버액션순면롱팬티라이너,-,0.223,1.137,0.585,-,1.024,-,-,-,-,-,-,-,-,-,-,-,-,-,-,0.158,-,-,-,-,-,-,-,-,-,-,-,-,-,-,-,-,-,-,-,0.13,0.891,-,1.478,-,8.011,-,2.697,-,16.808,0.892,-,-,0.45,-,-,-,-,-,-,
334,국내유통,일회용,덕수의료기,단오팬티라이너,-,0.187,0.165,0.745,-,0.559,-,-,-,-,-,-,-,-,-,0.006,-,-,-,-,0.127,-,-,-,-,-,-,-,-,-,-,-,-,-,-,-,-,-,-,-,0.088,1.332,-,0.75,-,4.178,0.05,1.028,-,6.991,0.455,-,-,0.23,-,-,-,-,-,0.23,
335,국내유통,일회용,주식회사 대한바이오팜,리얼울트라슬림허브랑목화랑만나해피한날팬티라이너,-,0.826,0.932,0.601,-,1.85,-,-,-,-,-,-,0.131,-,0.131,-,-,-,-,-,-,-,-,-,-,-,-,-,-,-,0.065,-,-,-,-,-,-,-,-,-,0.131,3.394,-,0.879,-,4.245,1.35,0.684,-,4.732,0.34,0.76,-,-,-,-,-,-,-,-,
336,국내유통,일회용,주식회사 대한바이오팜,클라우드나인네이처팬티라이너,0.013,0.335,0.268,0.402,-,0.63,-,-,-,-,-,-,0.094,-,0.054,-,-,-,-,-,-,-,-,-,-,-,-,-,-,-,-,-,-,-,-,-,-,-,-,-,-,2.787,-,0.589,-,3.564,0.389,0.161,-,3.859,0.121,-,-,-,-,-,-,-,-,-,
337,국내유통,일회용,주식회사 대한바이오팜,데이앤졸리울트라슬림롱팬티라이너,-,0.361,0.722,0.722,-,0.61,-,-,-,-,-,-,-,-,-,-,-,6.247,-,1.63,0.224,-,-,-,-,-,-,-,-,-,-,-,-,-,-,-,-,-,-,-,0.149,3.011,-,0.498,-,3.845,0.373,0.088,-,3.495,9.058,-,16.647,0.82,-,-,-,-,-,-,
338,국내유통,일회용,주식회사 대한바이오팜,젬무브미팬티라이너,-,0.342,0.256,0.757,-,0.391,-,-,-,-,-,-,-,-,-,-,-,-,-,-,0.134,-,-,-,0.391,-,-,-,-,-,0.012,-,-,-,-,-,-,-,-,-,0.061,2.357,-,0.318,-,4.042,0.281,0.208,-,5.044,0.366,0.76,-,-,-,-,-,-,-,-,
339,국내유통,일회용,주식회사 대한바이오팜,레이디문팬티라이너,-,0.659,0.323,0.995,-,0.62,-,-,-,-,-,-,0.621,-,-,-,-,0.116,-,-,0.632,-,-,-,0.103,-,-,-,-,-,-,-,-,-,-,-,-,-,-,-,0.078,2.961,-,0.556,-,4.604,0.375,0.453,-,6.814,0.31,0.52,0.22,-,-,-,-,-,-,0.52,
340,국내유통,일회용,(주)엠뷰글로벌,울트라슬림사과꽃에이팬티라이너,-,0.22,-,0.639,-,0.638,-,-,-,-,-,-,-,-,-,-,-,-,-,-,0.053,-,-,-,-,-,-,-,-,-,-,-,-,-,-,-,-,-,-,-,0.045,2.067,-,0.705,-,3.069,0.334,0.371,-,3.078,0.061,-,-,0.51,-,-,-,-,-,-,
341,국내유통,일회용,주식회사 대한바이오팜,하얀하얀팬티라이너,-,0.186,0.637,0.788,-,0.897,-,-,-,-,-,-,-,-,-,-,-,-,-,-,-,-,-,-,-,-,-,-,-,-,-,-,-,-,-,-,-,-,-,-,-,1.587,-,0.427,-,3.874,-,0.186,-,4.093,0.34,-,-,-,-,-,-,-,-,-,
342,국내유통,일회용,(주)태봉,온리프라이스 순면팬티라이너 일반,-,0.089,-,0.362,-,0.731,-,-,-,-,-,-,-,-,-,-,-,-,-,-,0.059,-,-,-,-,-,-,-,-,-,-,-,-,-,-,-,-,-,-,-,-,0.93,-,0.473,-,4.391,-,0.952,-,4.818,0.103,-,-,-,-,-,-,-,-,-,
343,국내유통,일회용,(주)태봉,온리프라이스순면팬티라이너롱,-,0.162,0.044,0.399,-,0.871,-,-,-,-,-,-,-,-,-,-,-,-,-,-,0.139,-,-,-,-,-,-,-,-,-,-,-,-,-,-,-,-,-,-,-,-,1.38,-,0.487,-,3.297,0.088,0.797,-,3.673,0.192,-,-,0.22,-,-,-,-,-,-,
344,국내유통,일회용,주식회사 뷰코셋코리아,뷰코셋바이오노말팬티라이너,-,0.11,1.042,0.893,-,1.343,-,-,-,-,-,-,-,-,-,-,-,0.12,-,-,0.599,-,-,-,-,-,-,-,-,-,-,-,-,-,-,-,-,-,-,-,-,0.633,-,0.48,-,2.595,0.098,1.235,-,-,0.076,0.34,-,0.45,-,-,-,-,-,-,
345,국내유통,일회용,주식회사베이비또,퓨어365 180mm 팬티라이너,-,0.447,0.292,0.91,-,1.12,-,-,-,-,-,-,0.055,-,0.055,-,-,-,-,-,0.25,-,-,-,-,-,-,-,-,-,0.094,-,-,-,-,-,-,-,-,-,0.071,3.946,-,0.847,-,14.179,0.613,1.241,-,29.234,0.566,-,-,-,-,-,-,-,-,0.3,
346,국내유통,일회용,주식회사베이비또,퓨어365 150mm 팬티라이너,-,0.202,0.092,0.614,-,0.9,-,-,-,-,-,-,0.025,-,0.099,0.045,-,-,-,-,0.059,-,-,-,-,-,-,-,-,-,-,-,-,-,-,-,0.035,-,-,-,0.035,2.056,-,0.921,-,4.482,0.206,0.469,-,7.192,0.487,-,-,-,-,-,-,-,-,0.11,
347,국내유통,일회용,주식회사청아뷰티앤헬스,아임오뉴롱팬티라이너,-,0.313,0.398,0.475,-,1.154,-,-,-,-,-,-,0.087,-,0.346,-,-,-,-,-,-,-,-,-,-,-,-,-,-,-,-,-,-,-,-,-,-,-,-,-,0.075,1.763,-,1.243,-,4.629,-,1.86,-,7.798,0.324,-,-,-,-,-,-,-,-,-,
348,국내유통,일회용,주식회사청아뷰티앤헬스,아임오뉴팬티라이너,0.045,0.598,1.703,0.77,-,1.303,-,-,-,-,-,-,0.099,-,-,-,-,-,-,-,0.28,-,-,-,-,-,-,-,-,-,-,-,-,-,-,-,-,-,-,-,0.343,1.731,-,1.081,-,3.098,0.081,2.776,-,6.218,1.053,-,-,0.26,-,-,-,-,-,-,
349,국내유통,일회용,코스메디칼솔루션리서치,콜만팬티라이너(폴디드),-,0.068,0.127,0.779,-,0.508,-,-,-,-,-,-,-,-,-,-,-,-,-,-,0.186,-,-,-,-,-,-,-,-,-,-,-,-,-,-,-,-,-,-,-,-,0.568,-,0.432,-,2.616,0.077,1.279,-,3.167,0.484,-,-,0.34,-,-,-,-,-,-,
350,국내유통,일회용,코오롱제약(주),오늘순면팬티라이너롱,-,0.594,0.991,1.674,-,2.344,-,-,-,-,-,-,-,-,-,-,-,-,-,-,0.26,-,-,-,-,-,-,-,-,-,-,-,-,-,-,-,-,-,-,-,0.074,2.244,-,2.348,-,4.296,0.31,1.925,-,4.391,1.027,-,-,-,-,-,-,-,-,-,
351,국내유통,다회용,핑크하트,위즐리(미니),-,-,-,5.893,-,3.315,-,-,-,-,-,-,-,-,-,-,-,-,-,-,-,-,-,-,-,-,-,-,-,-,-,-,-,-,-,-,-,-,-,-,-,0.552,-,0.737,-,1.289,-,1.472,-,2.211,-,-,-,-,-,-,-,-,-,-,
352,국내유통,일회용,(주)엠뷰글로벌,울트라슬림사과꽃여랑팬티라이너,-,0.45,0.349,0.815,-,1.382,-,-,-,-,-,-,-,-,-,-,-,-,-,-,0.132,-,-,-,-,-,-,-,-,-,-,-,-,-,-,-,-,-,-,-,0.186,2.624,-,0.761,-,3.082,0.714,0.737,-,2.632,0.636,-,-,-,-,-,-,-,-,-,
353,국내유통,다회용,(주)지앤이헬스케어,홈플러스시그너처나를위한건강한습관순면팬티라이너,0.627,-,0.782,2.87,-,2.295,-,-,-,-,-,-,0.573,-,0.469,-,-,-,-,-,-,-,-,-,-,-,-,-,-,-,-,-,-,-,-,-,-,-,-,-,-,0.313,-,0.313,-,0.782,-,1.457,-,5.061,-,2.04,-,-,-,-,-,-,-,2.57,
354,해외직구,일회용,Laurier,Laurier バンティライナ?(로리레 팬티라이너),0.11,0.125,3.346,0.176,-,-,-,-,-,-,-,-,0.183,-,-,-,-,-,-,-,-,-,-,-,-,-,-,-,-,-,-,-,-,-,-,-,-,-,-,-,0.051,0.513,0.037,0.322,-,3.508,-,0.183,-,5.836,0.066,0.291,-,0.727,-,-,-,-,-,-,
355,해외직구,일회용,TOM Oraganic,TOM ORGANIC ULTRA THIN LINERS WITH ORGANIC COTTON,0.089,0.149,2.491,0.569,-,0.507,-,-,-,-,-,-,7.912,-,0.119,0.037,-,-,-,-,-,-,-,-,-,-,-,-,-,-,-,-,-,-,-,-,-,-,-,-,-,1.027,0.119,0.253,-,2.882,0.244,0.295,-,2.028,0.831,0.966,-,0.322,-,-,-,-,-,-,
356,해외직구,일회용,yoni,yoni chemical free protection(panty liner),0.199,0.122,6.151,0.275,-,0.253,-,-,-,-,0.069,-,10.937,-,0.168,0.038,0.038,0.069,-,-,-,0.046,0.13,0.084,-,0.046,-,-,-,-,-,0.054,-,-,-,-,-,-,-,-,0.061,0.314,0.207,0.283,0.054,1.331,-,0.482,-,2.823,1.523,0.475,-,0.792,-,-,-,-,-,-,
357,해외직구,일회용,JESSA,Jessa FLEXIBEL SCHWARZ,0.233,9.667,9.762,1.235,-,1.656,-,-,-,-,0.071,-,32.933,-,0.396,0.081,0.157,0.147,-,0.03,-,0.076,0.071,0.152,-,0.086,-,-,0.112,-,0.208,0.061,-,-,-,-,-,0.289,-,-,3.925,5.957,0.066,2.275,0.091,0.883,1.193,2.519,-,2.077,3.231,0.104,0.076,0.728,-,-,0.03,0.364,-,-,
358,국내유통,일회용,(주)해피문데이,해피문데이탐폰라이트,-,-,-,0.845,-,0.771,-,-,-,-,-,-,-,-,-,-,-,-,-,-,1.008,-,-,-,-,-,-,-,-,-,-,-,-,-,-,-,-,-,-,-,0.039,0.052,-,0.059,-,0.105,-,0.436,-,0.38,-,0.46,-,-,-,-,-,-,-,-,
359,국내유통,일회용,(주)해피문데이,해피문데이탐폰슈퍼,-,0.11,-,2.239,-,0.881,-,-,-,-,-,-,-,-,-,-,-,-,-,-,0.695,-,-,-,-,-,-,-,-,-,-,-,-,-,-,-,-,-,-,-,-,-,-,0.073,-,0.147,-,0.514,-,0.349,-,-,-,-,-,-,-,-,-,-,
360,국내유통,일회용,(주)해피문데이,해피문데이탐폰레귤러,-,-,-,1.295,-,0.675,-,-,-,-,-,-,-,-,-,-,-,-,-,-,3.585,-,-,-,-,-,-,-,-,-,-,-,-,-,-,-,-,-,-,-,0.056,-,-,-,-,0.316,-,0.315,-,0.418,-,0.55,-,0.22,-,-,-,-,-,-,
361,국내유통,일회용,깨끗한나라(주),건강한순수한면탐폰슈퍼,-,-,-,2.983,-,0.798,-,-,-,-,-,-,-,-,-,-,-,-,-,-,0.078,-,-,-,-,-,-,-,-,-,-,-,-,-,-,-,-,-,-,-,-,-,-,-,-,0.139,-,0.441,-,0.471,-,-,-,-,-,-,-,-,-,-,
362,국내유통,일회용,깨끗한나라(주),건강한순수한면탐폰레귤러,-,0.076,-,2.612,-,0.699,-,-,-,-,-,-,-,-,-,-,-,-,-,-,0.128,-,-,-,-,-,-,-,-,-,0.054,-,-,-,-,-,-,-,-,-,0.054,0.022,-,0.054,-,0.207,-,0.248,-,0.237,-,-,-,-,-,-,-,-,-,-,
363,국내유통,일회용,동아제약(주),템포레귤러,-,-,-,0.696,-,0.456,-,-,-,-,-,-,0.995,-,0.066,-,-,-,-,-,0.938,-,-,-,-,-,-,-,-,-,-,-,-,-,-,-,-,-,-,-,-,0.531,-,0.207,-,3.167,-,0.572,-,11.309,-,0.17,-,-,-,-,-,-,-,-,
364,국내유통,일회용,동아제약(주),템포슈퍼,-,-,-,0.759,-,0.495,-,-,-,-,-,-,0.727,-,0.084,-,-,-,-,-,0.558,-,-,-,-,-,-,-,-,-,-,-,-,-,-,-,-,-,-,-,-,0.485,-,0.137,-,2.929,-,0.58,-,10.579,-,-,-,-,-,-,-,-,-,-,
365,국내유통,일회용,바디와이즈아시아(주),바디와이즈나트라케어순면탐폰(디지털-수퍼),-,-,-,2.138,-,0.843,-,-,-,-,-,-,-,-,-,-,-,-,-,-,2.292,-,-,-,-,-,-,-,-,-,0.073,-,-,-,-,-,-,-,-,-,0.073,-,-,0.049,-,0.233,-,0.427,-,0.598,-,0.95,-,-,-,-,-,-,-,-,
366,국내유통,일회용,바디와이즈아시아(주),바디와이즈나트라케어순면탐폰(디지털-레귤러),-,-,-,1.763,-,0.781,-,-,-,-,-,-,-,-,-,-,-,-,-,-,2.701,-,-,-,-,-,-,-,-,-,0.071,-,-,-,-,-,-,-,-,-,0.045,-,-,-,-,0.106,-,0.321,-,0.479,-,1.07,-,0.53,-,-,-,-,-,-,
367,국내유통,일회용,바디와이즈아시아(주),바디와이즈나트라케어순면탐폰 (어플리케이터-레귤러),-,-,-,2.08,-,0.705,-,-,-,-,-,-,-,-,-,-,-,-,-,-,1.235,-,-,-,-,-,-,-,-,-,0.065,-,-,-,-,-,-,-,-,-,0.054,-,-,-,-,0.195,-,0.693,-,5.264,-,0.45,-,-,-,-,-,-,-,-,
368,국내유통,일회용,바디와이즈아시아(주),바디와이즈나트라케어순면탐폰 (어플리케이터-수퍼),-,-,-,2.292,-,0.754,-,-,-,-,-,-,-,-,-,-,-,-,-,-,1.566,-,0.015,-,-,-,-,-,-,-,0.015,-,-,-,-,-,-,-,-,-,-,-,-,0.074,-,0.207,-,0.814,-,3.519,-,-,-,-,-,-,-,-,-,-,
369,국내유통,일회용,유한킴벌리(주),좋은느낌유탐폰레귤러,-,-,-,1.419,-,0.615,-,-,-,-,-,-,-,-,-,-,-,-,-,-,0.56,-,-,-,-,-,-,-,-,-,0.053,-,-,-,-,-,-,-,-,-,-,0.042,-,0.105,-,0.222,-,0.318,-,0.669,-,-,-,-,-,-,-,-,-,-,
370,국내유통,일회용,유한킴벌리(주),좋은느낌유탐폰슈퍼,-,-,-,1.703,-,0.681,-,-,-,-,-,-,-,-,-,-,-,-,-,-,3.083,-,-,-,-,-,-,-,-,-,-,-,-,-,-,-,-,-,-,-,-,-,-,0.109,-,0.327,-,0.436,-,0.762,-,0.67,-,-,-,-,-,-,-,-,
371,국내유통,일회용,유한킴벌리(주),코텍스화이트스타일탐폰슈퍼,-,-,0.113,0.697,0.056,0.27,-,-,-,-,-,-,0.607,-,-,-,-,-,-,-,1.869,-,-,-,-,-,-,-,-,-,-,-,-,-,-,-,-,-,-,-,-,-,-,0.068,-,0.336,-,0.405,-,1.685,-,-,-,-,-,-,-,-,-,-,
372,국내유통,일회용,유한킴벌리(주),코텍스화이트탐폰슈퍼,-,-,-,0.759,0.046,0.126,-,-,-,-,-,-,-,-,-,0.069,-,-,-,-,2.054,-,-,-,-,-,-,-,-,-,-,-,-,-,-,-,-,-,-,-,-,0.115,-,0.127,-,0.414,-,0.357,-,1.495,-,1.13,-,-,-,-,-,-,-,-,
373,해외직구,일회용,P&G,tampax pearl super plus tampons,-,0.684,-,0.582,-,5.408,-,-,-,-,-,-,-,-,-,-,-,-,-,-,-,-,0.702,-,-,-,-,-,-,-,-,-,-,-,-,-,-,-,-,-,-,0.923,-,0.908,-,1.985,3.166,0.905,-,7.084,-,6.906,-,1.315,-,-,-,-,-,0.492,
374,해외직구,일회용,P&G,tampax pearl super tampons,-,0.702,-,0.499,-,2.29,-,-,-,-,-,-,-,-,-,-,-,-,-,-,0.38,-,0.238,-,-,-,-,-,-,-,-,-,-,-,-,-,-,-,-,-,-,0.857,-,0.988,-,1.596,1.488,1.119,-,4.764,-,3.047,-,1.168,-,-,-,-,-,-,
375,해외직구,일회용,yoni,yoni chemical free protection(light),-,-,-,0.903,-,0.352,-,-,-,-,-,-,0.539,-,-,-,-,-,-,-,-,-,0.175,-,-,-,-,-,-,-,-,-,-,-,-,-,-,-,-,-,-,0.049,-,0.058,-,0.223,-,0.421,-,0.505,-,2.351,-,0.428,-,-,-,-,-,-,
376,해외직구,일회용,yoni,yoni chemical free protection(medium),-,-,-,1.174,-,0.522,-,-,-,-,-,-,0.149,-,-,-,0.092,-,-,-,-,-,0.286,-,-,-,-,-,-,-,0.08,-,-,-,-,-,-,-,-,-,0.092,-,-,0.138,-,0.446,-,0.551,-,0.929,-,1.541,-,1.21,-,0.44,-,-,-,-,
377,해외직구,일회용,yoni,yoni chemical free protection(heavy),-,-,-,2.205,-,0.528,-,-,-,-,-,-,0.399,-,-,-,0.128,-,-,-,-,-,0.32,-,-,-,-,-,-,-,0.159,-,-,-,-,-,-,-,-,-,0.08,0.144,-,0.367,-,0.672,-,0.575,-,0.927,-,1.191,-,1.191,-,0.298,-,-,-,-,
378,국내유통,일회용,(주)웰크론헬스케어,포그니입는오버나이트,0.718,15.436,8.976,32.896,-,30.364,-,-,-,-,-,-,8.017,-,2.034,-,-,-,-,-,-,-,-,-,-,-,-,-,-,-,-,-,-,-,-,-,-,-,-,-,5.625,64.62,-,42.598,-,89.511,13.163,23.452,-,69.88,1.795,-,-,23.78,-,-,-,-,-,-,
379,국내유통,일회용,깨끗한나라(주),메이앤준입는오버나이트,-,4.739,1.76,26.761,-,34.101,-,-,-,-,-,-,2.326,-,-,-,-,-,-,-,5.986,-,-,-,-,-,-,-,-,-,-,-,-,-,-,-,-,-,-,-,0.946,31.168,-,18.845,-,48.489,2.171,24.552,-,42.631,-,6.4,-,-,-,-,-,-,-,-,
380,국내유통,일회용,중원주식회사,시크릿데이바이미피코튼오버나이트팬티중형,-,1.245,0.871,5.354,-,7.478,-,-,-,-,-,-,-,-,-,-,-,0.747,-,-,-,-,-,-,-,-,-,-,-,-,-,-,-,-,-,-,-,-,-,-,-,11.205,-,13.072,-,68.603,-,20.043,-,89.023,-,2.543,-,3.766,-,-,-,74.877,-,-,
381,국내유통,일회용,중원주식회사,시크릿데이바이미피코튼오버나이트팬티대형,-,0.631,-,5.951,-,3.049,-,-,-,-,-,-,0.631,-,-,-,-,-,-,-,-,-,-,-,-,-,-,-,-,-,-,-,-,-,-,-,-,-,-,-,-,6.488,-,10.451,-,65.312,-,21.534,-,77.377,0.51,6.348,-,15.229,-,-,-,172.54,-,-,
382,국내유통,일회용,꿈과소나무,오즈팬티형생리대,-,0.61,0.557,25.301,-,2.786,-,-,-,-,-,-,0.117,-,-,-,-,0.054,-,0.159,0.072,-,-,-,-,-,-,-,-,-,-,-,-,-,-,-,-,-,-,-,0.404,2.092,-,1.893,-,4.791,1.714,2.01,-,4.425,0.171,-,-,0.52,-,-,-,-,-,-,
383,국내유통,다회용,(주)지앤이헬스케어,한나센스나이트생리팬티,9.402,-,1.73,20.507,-,16.965,-,-,-,-,-,-,17.772,-,9.067,8.37,-,-,-,-,-,-,-,-,-,-,-,-,-,-,-,-,-,-,-,-,-,-,-,-,-,-,-,11.352,-,27.482,-,27.174,-,211.117,-,25.634,-,-,-,-,-,-,-,-,
384,국내유통,다회용,(주)지앤이헬스케어,한나센스데일리생리팬티,6.265,-,2.088,30.24,-,30.533,-,-,-,-,-,-,22.723,-,7.06,9.126,-,-,-,-,-,-,-,-,-,-,-,-,-,-,-,-,-,-,-,-,-,-,-,-,-,2.904,-,12.77,-,40.541,-,43.76,-,242.614,-,10.56,-,-,-,-,-,-,-,-,
